0,1,2,3,4,5,6,7,8,9,10,11,12,13,14
ì™€ì•„~ ìš”ë ‡ê²Œ ì„¸íŠ¸ë¡œ ìž…ì–´ë„ ì´ì˜ë„¤ìš§ðŸ˜ ìƒ‰ê°ë„ ì·¨ì €!ðŸ”¥,ì–¸ë‹ˆë³´ë©´ ìš´ë™ìš•êµ¬ ë¿œë¿œðŸ˜,ì–¸ë‹ˆ ë°°ëŠ” ì™œ ì•ˆìœ¼ë¡œ ë“¤ì–´ê°€> ë°–ìœ¼ë¡œ ë‚˜ì˜¬ ìƒê°ì´ ì—†ë„¤..,ì˜¤í™ ì§„ì§œ ë°”ì§€ ë„˜ ì´ì˜ë‹¤ â¤ï¸,íœ´ê°€ì¤€ë¹„ðŸ‘’,ëª¸ë§¤ ì§±ðŸ˜,"ì–¸ë‹ˆê°€ ìž…ìœ¼ë©´ ë­”ë“¤ ì•ˆ ì˜ˆì ê¹Œì—¬,,â¤ï¸",ì–¸ë‹ˆ ì–´ê¹¨~íŒ” ë„˜ì˜ˆ..â¤ï¸â€ðŸ”¥,ì–¸ë‹ˆ ë¼ì¸ì§„ì§œðŸ”¥ðŸ”¥,íž™ì—…... ë¶€ëŸ½ë‹¤ðŸ˜¢,ë„ˆë¬´ ì•„ë¦„ë‹¤ìš°ì‹œë„¤ìš”~ :) ðŸ˜ðŸ‘,ìˆ˜ë¦°ë‹˜ ì •ë§ ì˜ˆë»ìš”ðŸ©·ðŸ©·ðŸ™ðŸ™,Very pretty ðŸ˜ðŸŠðŸ‘€ðŸ‘ðŸ‘™ðŸ‘,,
ðŸ™Œë§›ìžˆëŠ” ì–´ë¬µ íƒ€ì½”ì•¼í‚¤,ì´ê±° ì§„ìž ê°„íŽ¸í•˜êµ¬ ì¢‹ë„¤ì˜â¤ï¸,ë„˜ ë§›ë‚˜ë³´ì—¬ìš”â¤ï¸,"ì–´ë¬µ íƒ€ì½”ì•¼í‚¤ë¼ë‹ˆìš” ðŸ«¢ ì–´ë¬µë„ ì¢‹ì•„í•˜ê³  íƒ€ì½”ì•¼í‚¤ë„ ì¢‹ì•„í•˜ëŠ” ì €ëŠ” ì“°ëŸ¬ì ¸ìš” ,, ðŸ«  ë°°ê³ íŒŒì•™ ã… ã… ",ì™€ ì´ê±° êµ¬ë§¤í•´ì•¼ê² ì–´ìš©â¤ï¸â¤ï¸â¤ï¸,ì´ëŸ° ê°„ì‹ì´ ì§„ì§œ ìœ ìš©í•˜ìžë‚˜ìš”â¤ï¸â¤ï¸,ì§±ì˜ˆðŸ¥° ì–´ë¬µ íƒ€ì½”ì•¼í‚¤ ë§›ìžˆê² ì–´ì—¬!!â¤ï¸,ì•— ì§„ì§œ ì•„ìŠ¤ì¼€í‚¤.. ì¸ì¤„ì•Œì•˜ëŠ”ã„·0ã…‡ðŸ¤­ðŸ¤­ðŸ¤­ê¼¬ì±™ì´ ìžˆì–´ì„œ ë¨¹ê¸° ì¢‹ê² ë‹¹ðŸ˜,ì—‡ ì–¸ë‹ˆê°€ ì•„ì´ìŠ¤í¬ë¦¼ í˜‘ì°¬ì„ðŸ˜ í–ˆëŠ”ë° ë‹¨ë°±ì§ˆë°” â¤ï¸ ì˜¤ížˆë ¤ ë”ì¢‹ì•„ ã…‹ã…‹ã…‹ã…‹ã…‹,ì–´ë¬µíƒ€ì½”ì•¼í‚¤ ë„˜ ë§›ë‚˜ë³´ì—¬ìš”ðŸ˜â¤ï¸,ì–´ë¬µë°” íƒ€ì½”ì•¼í‚¤ ë„˜ ë§›ë‚˜ë³´ì¸ë‹¹ â¤ï¸,ì˜¤ëžœë§Œì— ì–¸ë‹ˆëž‘ ë§ˆì£¼ë³´ëŠ” ëŠë‚Œì¸ë””ðŸ˜ì´ì˜ðŸ˜ðŸ˜,í”„ë¡œí‹´ ì–´ë¬µì´ë¼ë‹ˆ ã…‹ã…‹ã…‹ã…‹ã…‹ ë“£ê¸°ë§Œí•´ë„ ë“ ë“ â¤ï¸,ì•„ ë°°ê³ í”ˆë° ë¨¹ê³ í”„ë„¤ ã…Œ,ì´ì˜ì‹œë„¤ìš”~ :) ðŸ˜ðŸ‘
ì™€~ì´ê±´ ë„ˆë¬´ ê°–ê³ ì‹¶ë‹¤ðŸ¤”ðŸ˜Ž ì´ëŸ° ë£©ë„ ìž˜ì–´ìš¸ë¦¬ë„¤ ë‰´ë‚˜ëŠ” ã…‹ã…‹ã…‹,ðŸ™Œ,ì´ê²Œ ë°”ë¡œ í•«í•œ ê·¸ ë¬¼í†µì¸ê°€ìš”â¤ï¸,ì´ëŸ° í—¬ì°½ë£©ë„ ì™„ë²½ì´ìž–ì•„ìš”ì˜¹ðŸ–¤,ì˜¤ êµ¿ì¦ˆ ì™„ì „ íƒë‚˜ìš”ðŸ˜ðŸ˜,ë¨¸ìŠ¬ê¸€ë¼ì‹œ ë¨¸ì—ì˜ ã…‹ã…‹ê·€ì—½â¤ï¸,ì˜´ë§ˆì•¼ðŸ–¤ ì´ëŸ° ë£©ë„ ì˜ˆì¨ðŸ˜ ë” ì—¬ë¦¬ì—¬ë¦¬í•˜ìž–ì•„ìš”ðŸ˜™,í‹°ì…”ì¸ ì´ë»ìš” â¤ï¸,hdexëŠ” ìˆ˜ë¦°ë‹˜ì´ ì œì¼ ìž˜ ì†Œí™”í•˜ì‹œëŠ”ê±° ê°™ì•„ìš”ðŸ˜,í¬ìœ¼ ì–¸ë‹ˆ ëˆ„ê°€ë´ë„ í—¬ìŠ¤ì¸â¤ï¸,ìš”ê±° í‹°ì…”ì¸  ì€ê·¼ íŽ¸í•˜ì£ ðŸ–¤ì•„ë ¹ ìž”ì— ê°™ì´ ì§ í•´ìš” ì–¸ëƒðŸ˜,êµ¿ì¦ˆ ë„˜ ê·€ì—¬ì›Œì˜„ã…‹ã…‹ã…‹ã…‹ã…‹ã…‹ã…‹ã…‹ã…‹ã…‹ã…‹ã…‹ã…‹ã…‹ã…‹ã…‹ã…‹ã…‹ã…‹ã…‹ã…‹ã…‹ã…‹ã…‹ã…‹ã…‹â¤ï¸,ì—­ì‹œ ìš´ë™ì´ ê³§ ìƒí™œì´ì‹œë„¤ìš” ë©‹ì§‘ë‹ˆë‹¤ ~ ì˜¤ëŠ˜ í•˜ë£¨ë„ ì¦ê²ê²Œ ë³´ë‚´ì„¸ìš” ~~ðŸ˜ðŸ˜ðŸ˜,ëª¨ìž ì“°ì…”ë„ ì´ì˜ì‹œë„¤ìš”~ :) ðŸ˜ðŸ‘,ã…‹ã…‹ã…‹ã…‹ì•„ë ¹ í…€ë¸”ëŸ¬ ë„˜ ê¸°ì—½ë‹¤â¤ï¸
ì•„ ì˜¤ëŠ˜ ì›Œë£Œì¼ì´ì—ˆêµ¬ë‚˜.. ã…‹,ì˜¤ëŠ˜ ë„ˆë¬´ ë”ì›Œì„œ ì €ë„ ìš´ë™ì „ì´ì˜ˆìš”~ðŸ˜‚ ì›”ìš”íŒ…ì´ì˜ˆìš”â¤ï¸,í”„ë¡œí‹´í†µì´ëž‘ ë°”ì§€ëž‘ ì„¸ëšœì„¸ëšœ ðŸ©µðŸ’™ðŸ©µ,ì–¸ë‹ˆ íƒ„íƒ„ëª¸ë§¤â¤ï¸ ë§ˆí”„ì•ŒëžŒì€ ì—­ì‹œ ì–¸ë‹ˆêº¼ë³´ê³  ã…‹ã…‹ã…‹,ë½•ë”°ë§›ì´ë¼ë©´ ëª»ì°¸ì£ â¤ï¸â¤ï¸â¤ï¸,ì§„ì§œ ëª¸ë§¤íƒ„íƒ„ ë©‹ì ¸ìš” ðŸ”¥ðŸ”¥,ì–¸ë‹ˆ ë‹¤ìš§ ê·¸ë§Œí•´ ì†Œë©¸ë˜ê²œã……ì˜¤ ã… ã… ,ëª¸ë§¤ë„ ì´ë»ìš”ðŸ’™ðŸ«§ë§›ë„ ì¢‹ì„ ê±° ê°™ì•„ìš©,ì–¸ë‹ˆ ì¦ë§ í•µê¾¸ì¤€í•˜ê²Œ ì˜ˆì˜ë‹¤ìš”..ðŸ˜,ë½•ë”°ë§› ë„˜ë‚˜ ê¶ê¸ˆí•˜êµ¬ë§Œìœ ðŸ˜ðŸ’™ðŸ’™,ìˆ˜ë¦°ë‹˜ ë¯¸ëª¨ë„ ëª¸ë§¤ë„ ë§¤ì¼ ë¦¬ì¦ˆê°±ì‹ ðŸ˜ðŸ˜ðŸ˜,í¬ìœ¼ ì´ëŸ° ë”ìœ„ì—ë„ ìš´ë™ì´ë¼ë‹ˆ ëŒ€ë‹¨ì“° â¤ï¸,ë„ˆë¬´ ì´ì˜ì‹œë„¤ìš”~ :) ðŸ˜ðŸ‘,ë‚ ì”¨ê°€ ë„ˆë¬´ ë”ì›Œì„œ... ì›”ìš”ì¼ì´ë¼ ðŸ˜‚ðŸ˜‚ðŸ˜‚,â¤ï¸â¤ï¸â¤ï¸â¤ï¸â¤ï¸
ë¸Œì´ì»·ì´ë¼ ì›ëž˜ ì–‡ì€ í—ˆë¦¬ ë” ì–‡ì•„ë³´ì´ëŠ”ë°ìš” â¤ï¸,ê·¸ë¬ ðŸ’™,ê¸€ëž¨ë²„íŠ¼í‹°ëž‘ ìž…ìœ¼ë‹ˆê¹ ì—„ì²­ ì´ë»ìš”! ë¶„ìœ„ê¸°ê°€ðŸŽ€ðŸŽ€,ì›ëž˜ë„ ìŠ¬ë¦¼í•˜ì§€ë§Œ ë” ìŠ¬ë¦¼í•´ë³´ì—¬ìš”ðŸ‘¼â¤ï¸â¤ï¸,ë­”ë“¤â€¦â¤ï¸â¤ï¸â¤ï¸ ì•„ì´ëŒê°™ì•„ìš”!!,"ëª¸ë§¤ì£¼ì„¸íš¨,,,â¤ï¸",ë³µê·¼ì´ ë” ëˆˆì— ë„ì–´ì„œ ë ˆê¹…ìŠ¤ê°€ ë‚˜ì¤‘ì— ë³´ì´ëŠ” ë§¤ì§ðŸ‘,8ë¶€ ë ˆê¹…ìŠ¤ ì°°ë–¡ðŸ«¶ðŸ»ðŸ˜,ì´ìœì–¸ë‹ˆì–‘ ì´ë²ˆ ì£¼ë§ì—ëŠ” ì˜¤ë””ê°€ìš©~~ðŸ˜â£ï¸,ì´ì˜ì‹œë„¤ìš”~ :) ðŸ˜ðŸ‘,ë³´ì“°ë‹ˆê°€ â¤ï¸,ëª¸ë§¤ ë„˜ì‚¬ ì§„ì§œâ¤ï¸,"Nice figure, pretty",ê¸€ëž¨ë²„íŠ¼ê³¼ ì •ë§ ìž˜ ì–´ìš¸ë¦¬ë„¤ìš”ðŸ˜â¤ï¸ ì‹œí¬ë¦¿ìŠ¤ì™€ í•¨ê»˜ í•´ì£¼ì…”ì„œ ê°ì‚¬í•´ìš”ðŸ™Œ,ì–¸ë‹ˆ ëª¸ ì¢€ ì € ì£¼ì„¸ìš”..!
ë°”ë‹¤ëŠ” ì¢‹ê² ë‹¤ì•„...ðŸ©µðŸŒŠðŸ˜,ëª¸ë§¤ ë„ˆë¬´ ì˜ˆë»ìš©â¤ï¸â¤ï¸,ì–´ì©œ í”¼ë“œë“¤ì´ ëª¨ë‘ ì œìŠ¤íƒ€ì¼ì´ëžŒðŸ‘ ì—¬í–‰ ì£¼ì œë¡œ ì†Œí†µí•˜ê³  ìžˆëŠ” ëƒ¥ëƒ¥ì´ì—ìš”ðŸ˜» ì†Œí†µí•˜ê³  ì§€ë‚´ê³  ì‹¶ì–´ìš” !! ê°ì‚¬í•©ë‹ˆë‹¤,ðŸ’™,ë°”ë‹¤ í’ˆì€ ìˆ˜ì˜ë³µì´ë„¤ìš”ðŸ©µë„˜ ìž˜ì–´ìš¸ë¦¼ðŸ˜‰,ìˆ˜ì˜ë³µ ë„˜ ì°°ë–¡ì“°ðŸ©µ,ì¦ê±°ìš´ ì‹œê°„ ë³´ë‚´ê³  ì˜¤ì„¸ìš”ðŸ˜,í¬ ì»¤í”Œ â˜ºï¸âœŒðŸ¼,ì§„ì§œ ìˆ˜ì˜ë³µ ë„˜ ìž˜ ì–´ìš¸ë¦¬ì„¸ìš”ðŸ«¶ðŸ»ðŸ˜,Beautiful wonderful princess I love you hug very tight kiss ðŸ’‹ðŸ’‹,ë°”ë‹¤ë‹´ì€ ìˆ˜ì˜ë³µì´ë¼ë‹ˆ ìˆ˜ì—°ì´ëž‘ ì•„ì¥¬ í•œëª¸ðŸ©µðŸ’™ ë¬¼ì† ì‚¬ì§„ë„ ê¸°ëŒ€í• ê²Œìš”ðŸ˜,ë””ìŸŒ ë„˜ ì˜ˆë»ìš”!! ë¬´ê²°ì  ëª¸ë§¤ðŸ’•,ìˆ˜ì˜ë³µ ì •ë§ ìž˜ ì–´ìš¸ë¦¬ì„¸ìš”ðŸ˜â¤ï¸ ë¼ì„¸ë¦°ê³¼ í•¨ê»˜ í•´ì£¼ì…”ì„œ ê°ì‚¬í•©ë‹ˆë‹¤!,ì—­ì‹œë´ë„ì–¼êµ´ê³¼ëª¸ë§¤ê°€ë„ˆë¬´ì•„ë¦„ë‹¤ì›Œìš”,ìš¸ì–¸ë‹ˆ ë„˜ ì´ì˜ë„¤â¤ï¸
ì„ í¬ë¦¼ í•„ìˆ˜ðŸŒž,ë°±ì„¤ì´ ì–¸ë‹ˆ í”¼ë¶€ ë¹„ê²°ì¸ê°€ ðŸ˜šðŸ¤,ì–´ì„±ì´ˆ ì¬í¬ë¦¼ ë„ˆë¬´ ì¢‹ë„¤ìš”~ðŸ‘ðŸ˜,ì €ë„ ì´ê±° ì¨ìš”ì˜¤ ðŸ”¥,í•˜ì–€ë¹„ë²•ì´êµ°ìš”â¤ï¸â¤ï¸,ëª¨ë…¸í‚¤ë‹ˆ ì´ë¿ŒëŒ± ðŸ’™,ìˆ˜ë¶„ê¹Œì§€ ì±™ê¸°ëŠ” ì„ í¬ë¦¼ðŸ«¢ ì¢‹ì€ë°ìš©ðŸ¤,ë°”ë‹¤ ìˆ˜ì˜ë³µë„ ë„˜ ì´ì˜ë‹¤ ì–¸ë‹ðŸ˜ðŸŒ·ðŸ©·,ë°±ì„¤ì–¸ë‹ˆê°€ í•˜ì–€ì´ìœ ðŸ¤ðŸ¤,ì„ í¬ë¦¼ ë‹¤ì¼ëŠ”ë° ì´ê±¸ë¡œ ë°”ê¿”ë´ì•¼ê² ì–´ìš”ðŸ«¶ðŸ»,ë„ˆë¬´ ì´ì˜ì‹œë„¤ìš”~ :) ðŸ˜ðŸ‘,êµ¬ë‹¬ ë„ˆë¬´ ì¢‹ì•„ðŸ’›ðŸ’›,íœ´ê°€ì²  ì„ í¬ë¦¼ ì—†ìœ¼ë©´ ê³ í†µìŠ¤ëŸ¬ì›Œìš”,ì–¸ëƒ ë‚˜ ì´ê±° ë°”ë¥´ê³  í•˜ë‚˜ë„ ì•ˆ íƒ”ì–´ìš”! ëŠ” ì˜¤ë°˜ê°€ ðŸ˜‚,Good morning ðŸ’™ðŸ¤ðŸ’Œ
ðŸ™ŒðŸ»ë§ˆí”„ëŒ€ëž€~,ë¸”ëž™ë„ ì˜ˆì˜ë‹¹ ì˜¨ëƒì•„ðŸ–¤ðŸ–¤ ëª¬ë“œë¦¬ì•ˆì´ë¼ë‹ˆ ðŸ˜,ë§ˆí”„ë¨¹ê³  ìˆ˜ì—°ë‹˜ì²˜ëŸ¼ë§Œ ë  ìŠˆ ìžˆë‹¤ë©´ ì§„ì§œ ì§‘ì•ˆ ê°€ë“ ìŸì¼êº¼ì˜ˆìš” ðŸ–¤ðŸ”¥,ìƒí’ˆ ë„ˆë¬´ ì¢‹ë‹¤ì•„ðŸ”¥ ë„ì „í•´ë´ì•¼ì§€,ì–¸ëƒ ë‚˜ë„ ì´ê±° ë¨¹ì–´ë´ì—¬ê² ì–´ìš©!!ðŸ¤,8ì›”ë„ í™”ì´íŒ…ðŸ«¶ðŸ»ðŸ’•,ì–´ì œë„ ëª¬ë“œë¦¬ì•ˆ ë‹¤ë…€ì™”ëŠ”ë° ë„˜ ì¢‹ì•˜ì–´ìš”ðŸ˜ ì„ ë¬¼ë„ í‘¸ì§í•œ ë§ˆí”„ëŒ€ëž€!ðŸ”¥,ëª¬ë“œë¦¬ì•ˆ ë„˜ í•«í•˜ë‹¤ì•™ ðŸ˜!!!!,ì˜†ëª¨ìŠµë„ ì´ì˜ì‹œë„¤ìš”~ :) ðŸ˜ðŸ‘,ì˜¤ ì†”ê¹ƒí•˜ë„¤ìš”,ë§ˆì´í”„ë¡œí‹´ ìµœê³  ~!,ë§ˆì´í”„ë¡œí‹´ ì •ë§ë§›ë‚˜ìš”â¤ï¸â¤ï¸,ì™€ ì–¸ë‹ˆ ì•„ë‹ˆì—ˆìŒ ë‚˜ ê¹œë°•í• ë»” ðŸ˜‚,ì˜¤ì˜¤ ì´ë²¤íŠ¸ë„ ë¹µë¹µ,Gorgeous ðŸ˜
ì—¬í–‰ðŸ«¶ðŸ»,ì œë¶€ë„ ë­”ê°€ ì˜›ë‚  ì¶”ì–µì´ë¼ ì˜›ë‚ ê°ì„±ì¼ì¤„ ì•Œì•˜ëŠ”ë° ì „í˜€ ì•„ë‹Œë°ìš”ðŸ˜,ë¯¸ì†Œì²œì‚¬â€¦.â¤ï¸â¤ï¸ì–´ë””ê°€ë©´ ë§Œë‚ ìˆ˜ìžˆë‚˜ìš” ë„˜ì˜ˆ!,ë‚œ ë˜ ì´ë ‡ê°œ ë°˜í•˜ê³  ê°„ë‹¹ ðŸ˜ðŸ˜,ì–¸ë‹ˆëŠ” ê°€ë§Œížˆ ì„œìžˆì–´ë„ ëª¨ë°ë£¨ðŸ¥°â¤ï¸,ì˜ˆìœì–¸ëƒì˜ í™”ë³´ì´¬ì˜?ðŸ˜,ëª¸ë§¤ê°€ ë‹¤í•´ë”°ìš©ðŸ˜ðŸ˜,ì˜†ëª¨ìŠµë„ ì•„ë¦„ë‹¤ìš°ì‹œë„¤ìš”~ :) ðŸ˜ðŸ‘,ìˆ˜ë¦°ì´ë‹˜ì€ ë‚˜ë‚ ì´ ë” ì•„ë¦„ë‹¤ì›Œì§€ì‹œëŠ” ëŠë‚Œ â¤ï¸â¤ï¸,êº„ì•„ ì–¸ë‹ˆì´ ë„ˆë¬´ë„˜ ì¹˜ëª…ì ì´ì—ìš”ðŸ˜ðŸ”¥ðŸ”¥â¤ï¸,ìˆ˜ì—°ë‹˜ê²Œì‹œë¬¼ ëª»ë”°ë¼ê°€ëŠ”ì¤‘ ì˜¤ëŠ˜ë„ì—¬ì‹ ðŸ˜,ì´ëŸ°ê³³ì´ ìžˆêµ°ìš”,ì„¸ì ¤ì˜ˆ..â¤ï¸,ëª¨ë¸í¬ìŠ¤ðŸ‘ðŸ‘ë„ˆë¬´ì´ë¿Œì„¸ìš”ðŸ˜,â¤ï¸â¤ï¸â¤ï¸â¤ï¸â¤ï¸
ì„ ë…€ ì–¸ë‹ˆëž‘ ðŸ˜ í–‰ë³µí•´ë”°ìš”â¤ï¸â¤ï¸,ë‘ë²ˆì§¸ ì‚¬ì§„ ì˜ˆë»â¤ï¸,ëª¸ì´ëª‡ê°œì‹ ê±°ì—ìš”!!!ðŸ”¥ðŸ”¥,ì´ì˜ì‹œë„¤ìš”~ :) ðŸ˜†ðŸ‘,ì˜¤ëŠ˜ë„ í™”ì´íŒ…,â›³ï¸,â¤ï¸,You are Amazing ðŸ˜˜ðŸ˜˜ðŸ˜â¤ï¸,ìˆ˜ë¦°ë‹˜ ì˜ˆë»ìš”ðŸ’™ðŸ’™ðŸ™ðŸ™,,,,,,
ì˜¤ì˜¤ ê· í˜•ê° ëª¨ì—ìš” ì–¸ëƒ!!! ì±Œë¦°ì§€~? ë„ì˜¤ì „~?ðŸ˜ðŸ’™,8ë¶„ íƒ€ë°”íƒ€ ì–¸ë‹ˆ ë¹„ê²° ë”°ë¼í•´ì•¼ì§• ðŸ˜ðŸ˜,ì–¸ë‹ˆ ëª¸ë§¤ ë¹„ê²°ì´ ì‹¬ìœ¼ëœ¨ íƒ€ë°”íƒ€êµ¬ë‚˜,ì•„ëª¬ë“œë¸Œë¦¬ì¦ˆ ë„˜ ë§›ìžˆìª¼â¤ï¸ ë‚˜ë„ ë”°ë¼í•´ë´ì•¼ì§•ðŸ¤­,ìš°ì•„ ë§ˆì§€ë§‰ì˜ìƒ ì§±ì´ì—ìš”!!!ã…‹ã…‹ã…‹ã…‹â¤ï¸â¤ï¸,ì•„ëª¬ë“œ ë¸Œë¦¬ì¦ˆê³  ë§›ìžˆê² ë‹¹ ðŸ˜,ðŸ™Œ,ì—‡ ì €ë„ ì €ê±° ë§ˆì‹œëŠ”ë°,ì˜¤í™! ë”ìš´ ìš”ì¦˜ í™ˆíŠ¸ë¡œ ë”°ë¼í•´ë´ì•¼ê² ë‹¤ìš”â¤ï¸,ê³ ê³ ë  â¤ï¸ ë‚˜ë„ í•´ë´ì•¼ê²Œë”° ã…‹ã…‹,ì–´..ìš° ì½”ì–´ ë˜ê²Œ ì¢‹ìœ¼ì‹œë„¤ìš” í”ë“¤ë¦¼ìŽëŠ”íŽ¸ì•ˆí•¨,ì•Œëª¬ë“œë¸Œë¦¬ì¦ˆ ê´‘ê³ .. ã„·ã„·,ë„ˆë¬´ ì´ì˜ì‹œë„¤ìš”~ :) ðŸ˜ðŸ‘,ì™€ìš° ì½”ì–´ì™•â¤ï¸,
ì˜¤ ë°”ë””ê´€ë¦¬ ë°›ìœ¼ì‹œëŠ”êµ°ì—¬!! ì €ëŠ” ìœ¤ê³½ ã…Žã…Žã…Žã…Ž,ì •ë§ë£¨ ìž¥ë§ˆ ëì¸ê°€ìš”?ðŸ˜¢ðŸ˜ ë¨¸ë¦¬ìŠ¤íƒ€ì¼ ë„˜ ì´ë»ìš” ìˆ˜ë¦°ë‹˜,ì˜¤ ì†ìœ ë‚˜.. ìº£ì£¼ì‚¬ê°€ ê·¸ë ‡ê²Œ í•«í•˜ë‹¤ë¬¸ì„œìš”? ë§žë‚˜â€¦ðŸ¤”ðŸ¤­,ì–¸ë‹ˆ ì—¼ìƒ‰í–ˆì˜¤ìš© ?! ë¨¸ë¦¬ ìƒ‰ê¹”ì´ëž‘ ìš´ë™ë³µì´ëž‘ ë„˜ ì´ì˜ë‹¹ ðŸ¤ŽðŸ¤,ì˜¤ì˜¤ íŒ”ëšì— íš¨ê³¼ê°€ ìžˆë‹¤ë‹ˆ ë„˜ëª¨ ê¶ê·¸ë¯¸ë‹¤ â¤ï¸,ì˜¤ì˜¤ì˜¤ ì €ë„ ê°€ë´ì•¼ê² ì–´ìš”â¤ï¸â¤ï¸,ë°”ë””ê´€ë¦¬ðŸ«°ðŸ»,Beautiful hair ðŸ˜Š,ê¶ê·¸ë©” ê¶ê·¸ë©”â¤ï¸,ìš¸ ì–¸ë‹ˆ ë¨¸ë¦¬ ì§§ì•„ì¡Œë‹¹â¤ï¸ðŸ˜ì§„ì±  ë” ì˜ˆì˜..ðŸ«¶ðŸ»ðŸ¤,ì´ìœì‹œë„¤ìš”,ë³µê·¼ðŸ«¶ðŸ»âœ¨ì™„ëµ¥í•´ìš” ì˜¤ëŠ˜ë„ í™”ì´íŒ…,íŒ”ê·¼ìœ¡ì—ë„ íš¨ê³¼ê°€ ìžˆë‹¤ë‹ˆ ë„˜ ê¶ê¸ˆí•˜ë„¤ìš”ðŸ˜†ðŸ˜†,ë„ˆë¬´ ì´ì˜ì‹œë„¤ìš”~ :) ðŸ˜ðŸ‘,"Vale , algÃºn dÃ­a dame un like , igual que hago yo . Saludos desde Colombia."
ì˜¬ì˜ ì¶”ì²œí…œì´ë¼ë‹ˆ ê´œížˆ ë” ê¶ê¸ˆí•˜ê³  ë¯¿ìŒì§ìŠ¤ëŸ¬ìš´ë°ìš”ðŸ˜,ìš”ê±°ì¢‹ì•„ë³´ì˜ìš” ~~,ì˜¤ì˜¤ ì§„ì§œ ë§ˆë¥´ì…¨ëŠ”ë°!!!â¤ï¸â¤ï¸ì‚¬ì•¼ê² ì˜¤ìš”,ë§¤ì¼ìº í•‘ê°€ëŠ”ë° ëª¸ë§¤ëŠ” ì§„ì¨” ì¨©ë¶€ëŸ½ëŒœêµ¬ìš”ðŸ˜â¤ï¸,ëª©ìš”íŒ…:),ì €ê±° ë¨¹ìœ¼ë©´ ì–¸ë‹ˆì²˜ëŸ¼ ì˜ˆë»ì§ˆ ìˆ˜ ìžˆë‚˜ìš”â¤ï¸,í•˜.. ì§„ì§œ ìº í•‘ ì¡°ì€ë° ì‚´ì´ ë§‰ ë›°ë£©ë›°ë£© ðŸ˜‚,ì–¸ëƒë§ íƒ‘ ì˜ˆë¿Œë‹¤â¤ï¸,ì˜†ëª¨ìŠµë„ ì´ì˜ì‹œë„¤ìš”~ :) ðŸ˜ðŸ‘,ë§Žì´ë¨¸ê±°ë„ë˜ìš©â¤ï¸,í”¼ë“œ ë³´ê¸° ì¢‹ì•„ìš”~ ì¦ê±°ìš´ ì£¼ë§ ë˜ì„¸ìš”^^ðŸ”¥ðŸ”¥ðŸ”¥,ìˆ˜ë¦°ë‹˜ ì˜ˆë»ìš”ðŸ¤ðŸ¤ðŸ–¤ðŸ–¤ðŸ™ðŸ™,You are so incredibly Beautiful ðŸ˜˜ðŸ˜â¤ï¸,Bonito lugar ðŸžï¸ â™¥ï¸ ðŸžï¸,Good Morning Dear
ìŠ¤ë‹ˆì»¤ì¦ˆ ë„˜ë‚˜ë‘ ë¸”ë§~ðŸ¤©ðŸ’“,ì–¸ëƒ ë°˜ì¢…ìš´ì˜¨ì¤„ ì•Œì•˜ìŒ ë°”ë¡œ ë‹¬ë ¤ë‚˜ê°”ì„í…ë°!!!!ðŸ¥¹ðŸ¤ðŸ¤ðŸ¤,ì‚¬ì§„ë³´ìžë§ˆìž ì‹ ë°œ ì˜ˆë¿Œë‹¤ê³  ìƒê°í–ˆëŠ”ë° â¤ï¸â€ðŸ”¥,ì‹ ë°œ ì§„ì§œ íŽ¸í•˜ì§€ ? â¤ï¸ ë°±ì„¤ì´ ì°°ë–¡ì´ë„¤,ë‚˜ë„ ëŸ¬ë‹ ì‹œì¼œì¤˜ìš”â¤ï¸,ì˜¤ ìŠ¤ë‹ˆì»¤ì¦ˆ ë„˜ ì´ë»ìš”ðŸ˜,íâ¤ï¸ì´ì˜ë‹¤ ì´ë½€ì˜¤ðŸ˜ðŸ˜,ì´ì˜ì‹œë„¤ìš”~ :) ðŸ˜ðŸ‘,ðŸƒðŸ»â€â™€ï¸ðŸƒðŸ»â€â™€ï¸,ë§˜ì— ë“œë„¤ðŸ˜,ì›Œì¦ˆêµ¬ì›ƒ~~,í”¼ë“œ ìž˜ ë³´ê³  ê°€ìš”~ì¢‹ì€ í•˜ë£¨ ë˜ì„¸ìš”^^ðŸ”¥ðŸ”¥ðŸ”¥,ìˆ˜ë¦°ë‹˜ ì •ë§ ì˜ˆë»ìš”ðŸ–¤ðŸ–¤ðŸ™ðŸ™,You are incredibly Beautiful ðŸ˜˜ðŸ˜˜ðŸ˜â¤ï¸,
í•˜ëŠ˜ì´ ë„ˆë¬´ ì˜ˆë»¤ìžë‚˜:),ìˆ™ì·¨ì™€ ì²´ì§€ë°©ì»·íŒ…ì„ í•œë²ˆì—ë¼ë‹ˆ ë„˜ë‚˜ë‘ ì‹ ë°•í•œë°ìš”?ðŸ™ŒðŸ’“,ì•ˆ ë°˜í•  ìˆ˜ ì—†ëŠ”...ì»·ì´ë„¤ìš”ðŸ˜,ì•„ìž‰ ìƒì½¤í•´â¤ï¸,ì–´ë¨¸ ì´ê²Œ ìˆ ì´ë¼êµ¬ìš©?  ìˆ ì— ì·¨í•˜êµ¬ ìˆ˜ë¦°ë‹˜ì— ì·¨í•˜ê·œðŸ˜,ì—¬ì‹ ë‹˜â¤ï¸ ìˆ ë„ ì˜ˆì˜ê²Œ ë§ˆì‹¤ê±° ê°™ì€ ì–¸ë‹ˆðŸ¤­,ìˆ˜ì—°ë‹˜í•œí…Œ ì·¨í•˜ë¼ëŠ” ê´‘ê³ ì¸ê°€íš¨..?ðŸ¤ª ê·¸ë ‡ê²Œ ë³´ì—¬íš¨ðŸ˜šðŸ’“,ë§ë¦¬ë¶€ ìš°ì•„ ì˜¤ëžœë§Œì´ë„¤ì—¬ ðŸ‘,ë…¸ì„ë„ ì–¸ë‹ˆíŽ¸ì´ë„¤ ðŸ˜,ê´‘ê³ ì—¬ì‹ â¤ï¸â¤ï¸,ì•„ë‹ˆ ì´ ì‚¬ì§„ ..ê·¸ë¦°ê±°ì•„ë‹ˆì—ìš”?? ê·¸ë¦¼ ì•„ë‹ˆì•¼??,ìˆ ë³‘ ì˜¤ã…‘ì¼€ ê¸°ì—¬ì˜¤ â¤ï¸â¤ï¸â¤ï¸ ì–¸ë‹ˆì´ì€¼,ìˆ ì´ ìˆ ìˆ  @_@,ì˜¤ í•„ìˆ˜í…œðŸ«¶ðŸ» ì˜¤ëŠ˜ ë„ˆë¬´ ì´ë»ìš”ðŸ˜,ë…¸ì„ë„ ë°±ì„¤ì´ë„ ë°œê·¸ìŠ¤ë ˆí•œê²Œ ë„˜ëª¨ ì´ì˜ë‹¤ ðŸ˜
ëª¸ë§¤ê°€ ë‹¤í–ˆë”°..ðŸ˜ ì €ë„ ê³¨í”„ ì–¸ì  ê°€ ë°°ì›Œë³¼ë¼êµ¬ì—¬.. ì–¸ì œê°€ ë ì§€ ëª¨ë¥´ê²Ÿì§€ë§Œ ðŸ˜‚,ìŠ¤ìœ™ë‘ ì–¸ë‹ˆì²˜ëŸ¼ ì˜ˆì˜ê²Œí•˜ë„¤ìš”ðŸ˜,ì™€ ì§„ì§œ ê³¨í”„ì²œìž¬!!!! 5ê°œì›” ìŠ¤ìœ™ì´ë¼ê¸°ì—” ë„˜ë‚˜ êµ¿êµ¿ðŸ‘ðŸ‘ðŸ‘,ì§„ì§œ ìš´ë™ì²œìž¬ë‹·ðŸ˜ ë¶€ëŸ¬ë²„ì–´,í•œëª¸ ì²˜ëŸ¼ ë§¤ë„ëŸ½ê²ŒðŸ˜— ë‚˜ì´ìƒ·~,ìŠ¤ìœ™ ë„˜ ì˜ˆì˜ë‹¤ ì—­ì‹œ ìš´ë™ì²œìž¬ðŸ˜,ðŸ˜ðŸ˜†ðŸ˜ŠðŸ˜‰ðŸ‘,â¤ï¸â¤ï¸â¤ï¸â¤ï¸â¤ï¸,í”¼ë“œ ìž˜ ë³´ê³  ê°€ìš”~ì¢‹ì€ í•˜ë£¨ ë˜ì„¸ìš”^^ðŸ”¥ðŸ”¥ðŸ”¥,ìˆ˜ë¦°ë‹˜ ì˜ˆë»ìš”ðŸ’šðŸ’šðŸ™ðŸ™,êµ¿ ë‚˜ì´ìŠ¤ìƒ·,ìš°ì™€ ìˆ˜ë¦°ë‹˜ ì§„ì¨” !!!! ì—„ì²­ ëŠ˜ì—ˆì–´ìš” !!!! ì§„ì‹¬ ì´ì œ ì €ë³´ë‹¤ ìž˜ì¹ ë“¯ ã… ã…  ðŸ¤£â™¥ï¸â™¥ï¸â™¥ï¸â™¥ï¸,Send this video â¤ï¸,"ðŸ’°ðŸ’°ðŸ’°ðŸ’°Looking for a job, don't be in a hurry, come here for an easy job search and good pay!!!ðŸ’°ðŸ’°ðŸ’°ðŸ’°",
ì˜¤ ë­”ê°€ ëž˜ì‹œê°€ë“œ ìŠ¤ëŸ¬ìš°ë©´ì„œë„ðŸ˜ë¼ì¸ì˜ˆì˜ðŸ«¶ðŸ»,ë¹„ì˜¨ ë’¤ ë‚ ì”¨ ë„˜ ë§‘ê³  ì¢‹ì¥¬~~~ðŸ”¥â¤ï¸,í¬ìœ¼ðŸ™ðŸ» ê°œë¯¸ë„ ìš¸ê³ ê°ˆ í—ˆë¦¬ë¼ì¸ðŸ˜,ì´ì˜ì‹œë„¤ìš”~ :) ðŸ˜ðŸ‘,ê¸°ì—¬ì—‰ ðŸ©·ðŸ©·ðŸ©·,ðŸŽ¾ðŸŽ¾,í™”ì´íŠ¸ ì…‹ì—…ë„ ì°°ë–¡ì¼ë“¯ â¤ï¸,ì˜¹ë‹ˆ ì—¬ë¦„ì´ë¼ê·¸ëŸ°ì§€ ì‚´ì´ ë” ë¹ ì§„ê±°ê°™ì•„ìš”â¤ï¸â€ðŸ”¥,ì–¸ë‹ˆ ê·€ì—½ ã…‹,ì–¸ë‹ˆëž‘ ì»¤í”Œë£© ë§Žì•„ì„œ ê°™ì´ ìž…êµ¬ ë§Œë‚˜ ìš´ë™í•´ì•¼ê² ë‹¤ðŸ’™ðŸ’™ðŸ˜,ì–¸ë‹ˆ ë³´ê³ íŒŒðŸ¥¹,ìˆ˜ë¦°ë‹˜ ë„ˆë¬´ ì˜ˆë»ìš”ðŸ©µ,â¤ï¸â¤ï¸â¤ï¸â¤ï¸â¤ï¸,ì‚°ì±…í•˜ë©´ì„œ  ë‹¤ë¦¬ì˜¬ë¦¬ëŠ” ê±° í•˜ì§€ë§ˆ ^^í™”ì´íŒ…í•˜ì„¸ìš” â¤ï¸,ìž˜ ë³´ê³  ê°€ìš”~ì˜¤ëŠ˜ë„ íŒŒì´íŒ…^^ðŸ”¥ðŸ”¥ðŸ”¥
ì–‘ê³ ê¸°ëŸ¬ë²„ ì—¬ê¸°ðŸ™‹ðŸ»â€â™€ï¸,ì–‘ê¼¬ì¹˜ ì¢‹ì•„í•˜ëŠ”ë° ìœ ê¸°ë†ì´ë¼ë‹ˆ ë‹¹ìž¥ ì‚¬ëŸ¬ê°€ì•¼ê² ì˜¤ìš” ! ðŸ˜ðŸ˜,ìœ¼ì•„ ìˆ˜ì˜ë³µ ë„ˆë¬´ ì˜ˆë»ìš” ì°°ë–¡ìœ¼ë¡œ ìž˜ ì–´ìš¸ë ¤ìš”!!!! ìº í•‘ ê°ˆë ¤ê³  ë“œë¦‰ë“œë¦‰í•˜ëŠ”ë° ì–‘ê³ ê¸° ê°€ì§€ê³  ê°€ì•¼ê² ëŠ”ë°ìš”????,ì–‘ê³ ê¸°ëŠ” ì•„ì£¼ ì¢‹ì€ ë‹¨ë°±ì§ˆì´ì£ ðŸ‘ðŸ‘ðŸ·,ëª¸ë§¤ë„ ìˆ˜ì˜ë³µë„ ì˜ˆë»ìš”ðŸ’—âœ¨,ë§ë¦¬ë¶€ì— ì–‘ê¼¬ì¹˜ë¼ë‹ˆðŸ˜,ìˆ˜ë¦°ë‹˜ í”¼ë“œëŠ” ë§¤ì¼ë§¤ì¼ í™”ë³´ðŸ˜,ì–‘ì˜ë‚˜ë¼ ì–‘ê¼¬ì¹˜ ì–‘ê°ˆë¹„ðŸ«¶ðŸ»ðŸ«°ðŸ»ðŸ¥°,ìš°ì•„ ê³ ê¸° ì •ë‚œì•„ë‹ˆë„¤ìš”â¤ï¸â¤ï¸,ì•„ë¦„ë‹¤ìš°ì‹œë„¤ìš”~ :) ðŸ˜ðŸ‘,ë³µê·¼ ì‹¤í™”ì¸ê°€ìš”â¤ï¸ ë°˜í•´ë¶€ë €ë– ..ðŸ¥°,ëª¸ë§¤ì²´ê³ ðŸ”¥ðŸ”¥,ì–´ì©œâ¤ï¸ì–‘ê¼¬ì¹˜ë„ ë¹›ë‚˜ê²Œ ë§Œë“œëŠ” ìš°ë¦¬ ë¹›ë‚˜ëŠ” ìˆ˜ì—°ë‹˜ðŸ˜ðŸ‘ðŸ‘ðŸ‘,ì–‘ê°ˆë¹„ ì‹¤í•œê±° ì‹¤í™˜ê°€ìš©  ì¹¨ì¥´ì¥´ðŸ¤¤ðŸ¤¤ðŸ¤¤,"ì˜¤,,ì¢‹ë„¤ìš”â¤ï¸ ìˆ˜ë¦°ë‹˜ í”¼ë“œê°€ í•˜ë‚˜í•˜ë‚˜ ë‹¤ ì˜ˆë»ìš”, ìž¬ í”¼ë“œì—ë„ ë†€ëŸ¬ì™€ì£¼ì„¸ìš”, íŒ”ë¡œìš°í•˜ê³  ì†Œí†µí•´ìš”~"
ì™€ ì €ë‘ ì—¬ê¸°@ê°€ë³´ê±° ì‹¶ë„¤ì—¬ðŸ˜ ëª¸ì´ ìš”ìƒˆë„˜ ì°Œë¿Œë‘¥ðŸ˜‚,ã…‹ã…‹ã…‹ã…‹ã…‹ì•„ë‹ˆ ë‚´ê°€ ëˆ„ì› ì„ë•Œëž‘ ì™œì¼€ ë‹¤ë¥´ëƒê³  ðŸ˜‚ðŸ˜‚ðŸ˜‚ðŸ˜‚,ì´ë¯¸ ì™„ë²½í–ˆëŠ”ë° ë” ì™„ë²½í•´ì¡Œê² ì–´ì—¬ ì–¸ë‹ˆ..â¤ï¸,ì„¸ìƒ ìœ ì—°í•´ìš”!! ê°“ë²½ì— ê°“ë²½ ë”í•˜ê¸°ðŸ¥°,ê³ í†µ ë°›ëŠ” ë‚´ëª¨ìŠµì„ ë³´ë©° ì¦ê±°ì›Œí–ˆë˜ ìš¸ ìˆ˜ì—°ì–¸ë‹ˆ....ðŸ¥¹ðŸ«¶ðŸ»âœ¨ï¸ðŸ˜‡,ì˜¤ ì´ë‚ ê³„ì…¨ì–´ìš”? ì™œ ëª»ë´¤ì§€..ðŸ˜‚ðŸ¥²,ì™€ ë‹¤ë¦¬ì°¢ê¸° ë‚˜ì˜ê¿ˆâ¤ï¸ã…‹ã…‹ã…‹ã…‹ì €ë ‡ê²Œ ìš°ì•„í•˜ê²Œ ì°¢ì„ìˆ˜ê°€ðŸ˜,ì™„ë²½ ê°“ë²½ê·¸ìžì²´ì¸ë°... ì´ê²Œ ë§ì´ë˜ëƒêµ¬ðŸ¥¹ðŸ«¶ðŸ»ðŸ¤ðŸ¤,ì—¬ì „ížˆ ë„˜ ìœ ì—°í•˜ê³  ì˜ˆìœë°ìš¤ðŸ˜,ðŸ§˜ðŸ¼â€â™€ï¸ë‹¤ë¦¬ì°¢ê¸°ëŠ” ì—­ì‹œ ìŠ¤íŠ¸ë ˆì¹­ì¡°ì´,ì•— ìš”ê°€ê°•ì‚¬ì…¨êµ°ìš” ì›ëž˜!!!!â¤ï¸â¤ï¸â¤ï¸,ì—­ì‹œ ë‚¨ë‹¬ë¼ìš”..ðŸ˜ðŸ˜,ðŸ”¥ðŸ”¥ðŸ”¥ ëª¨ìž„ ìž˜ í•˜ê³ ê°€ì…¨ë‚˜ìš©ðŸ˜‚ðŸ˜‚,ìŠ¤í”Œë¦¿ì—¬ì™•ì´ ë‹¤ë¦¬ì°¢ê¸°ë§ˆìŠ¤í„°ë¥¼ë§Œë‚˜ì…¨êµ°ìš”ðŸ˜,ì´ë¯¸ ì™„ë²½ì“° â¤ï¸
ì£¼ë§ðŸ’™,ë‹­ê¼¬ì¹˜ ë„ˆë¬´ë„ˆë¬´ë„ˆë¬´ ì¢‹ì•„ìš©. ì—¬ê¸° ë‹­ê¼¬ì¹˜ ë¹„ì£¼ì–¼ ë¯¸ì³¤ë„¤ìš©?!â¤ï¸,ë‹­ê¼¬ì¹˜ ì™„ì „ ì¢‹ì•„í•˜ì§• â¤ï¸,ì™€ ë§›ë‚˜ë³´ì—¬ìš”â¤ï¸â¤ï¸â¤ï¸,í—â¤ï¸ê¼¬ì¹˜ ë¹„ì¥¬ì–¼ ëŒ€ë°•ì´ì—ìš” ì˜¨ë‹ˆðŸ˜ðŸ˜,ë‹­ê¼¬ì¹˜ ì—†ì–´ëª»ë¨¹ì¥¬â¤ï¸â¤ï¸ì£¼ë§ ê¸€ëž¨í•‘ ë„˜ë‚˜ ë¶€ëŸ½ðŸ˜†,ìš°ì™€ ì§„ì§œ ë§›ìžˆê² ë‹¤ã…œã…œ!!,ì–´í›„ ì–¸ë‹ˆ ì¡´ì˜ˆâ¤ï¸â¤ï¸,ë‹­ê¼¬ì¹˜ë³´ë‹¤ ìˆ˜ì—°ì–¸ë‹ˆí•œí…Œ ê¼¬ì³¤ì–´ìš”,ì´ì˜ì‹œë„¤ìš”~ :) ðŸ˜ðŸ‘,ì € ë‹­ê¼¬ì¹˜í™˜ìž¥í‚¬ëŸ¬..â¤ï¸,êº„ ~~~! ì£¼ë§ ê¸€ëž¨í•‘ ã… ã…  ë„ˆë¬´ ì¢‹ì£  ã… ã…  ìº í•‘ê°€ë©´ ë‹­ê¼¬ì¹˜ ê¼­ ì‚¬ê°ˆê¼¬ì—ìš” !!!!ðŸ©·ðŸ©·,ì–¸ì œ ì–¸ì œ ìµí˜€ì„œ ë¨¹ë‚˜ ã…‹ã…ã…‹ã…ã…‹ã…‹ã…‹,â¤ï¸â¤ï¸â¤ï¸â¤ï¸â¤ï¸,ìˆ˜ë¦°ë‹˜ ì˜ˆë»ìš”ðŸ¤ŽðŸ¤ŽðŸ™ðŸ™
ì—¬ê¸°ì˜· ì§„ì§œ ìƒ‰ê° ìž˜ë½‘ëˆˆê³  ê°™ì•„ìš” ë„ˆë¬´ ì´ì˜ë‹¹ ë‚˜ë„ ê°–ê³  ì‹¶ëŒœ ðŸ©·ðŸ©·,ìš”ë¡  ë£©ë„ ì²­ìˆœí•˜ê³  ì˜ˆìœ ì–¸ëƒì•„ðŸ’œðŸ¤,ì´ëŸ° ì…‹ì—… ë§ˆì €ë„ ì—¬ì„±ìŠ¤ëŸ½ê²Œ ì†Œí™”í•´ë²„ë¦¬ëŠ” ì–¸ë‹ˆðŸ¥°ðŸ’œ ë„˜ ì˜ˆì˜ìŸˆëƒìš©,ì—­ì‹œ ë„˜ìž˜ì–´ìš¸ë ¤ìš” !! ìš”ìƒ‰ë„ ë„˜ì´ë»ìš” !,ê°‘ìžê¸° ë“  ìƒê°ì¸ë° ì†Œë…€ì‹œëŒ€ ìœ¤ì•„ ë‹®ìœ¼ì…¨ì–´ìš”ðŸ˜,ížˆížˆìš”ìƒ‰ë„ì´ì˜ë„¤ì—¬â¤ï¸â¤ï¸,ì™€ ì—¬ê¸° ì˜· ì§„ì§œ ë‹¤ì–‘í•˜ë‹¤ðŸ˜,ë³´ë¼ê³µì¥¬â¤ï¸,ì´ì˜ì‹œë„¤ìš”~ :) ðŸ˜†ðŸ‘,ìƒ‰ê°ì˜ˆì˜ë‹¤ìš©,ì˜¤ ì´ëŸ° ì…‹ì—…ë„ ë„ˆë¬´ ì´ì˜ë‹¤ â¤ï¸,ì—¬ë¦„ëª¨ë“ ì˜·ì´ ë‹¤ìž˜ì–´ìš¸ë ¤ìš”!,ìˆ˜ë¦°ë‹˜ ì˜ˆë»ìš”ðŸ’–ðŸ’–ðŸ™ðŸ™,,
ì´ì¯¤ë˜ë©´ ìš¸ì–¸ë‹ˆ AIì„¤..â™¥ ë„˜ì˜ˆ,ðŸ’œ,ì¦ë§ë£¨â€¦.ë„ˆë¬´ ì„¹ì‹œí•˜ìŸˆëƒìš” ðŸ’—,ì–´ëª¨ëª¨ ì´ ìˆ˜ì˜ë³µì€ ë¨¸ì•¼..ðŸ˜,ì™€ì§„ì§œ í•«í•´ìš”,ì˜¤ì˜¤! ì–¸ë‹ˆ ë‚˜ë‘ ì»¤ë¦¬ì‰´ ì“°ëŠ”ëŽ…! í—¤í—¤,ì–¸ë‹ˆ..ì„¹ì‹œìˆ˜ì˜ë³µ..ðŸ˜®ðŸ˜®ðŸ˜®â¤ï¸ìž…í‹€ë§‰í–‡ë˜ìš”,ì»¤ë¦¬ì‰´ì²´ê³ â¤ï¸â¤ï¸â¤ï¸â¤ï¸,ë¯¸ìµ¸ë”° ìˆ˜ì˜ë³µ ì–¸ë‹ˆë§Œ ì†Œí™”í• ìˆ˜ ì´ì©Œ...â¤ï¸ðŸ˜,ì•„ë¦„ë‹¤ìš°ì‹œë„¤ìš”~ :) ðŸ˜ðŸ‘,ìš´ë™ëŸ¬ë“¤ ë¨¸ë¦¿ê²° ì†Œì¤‘í•˜ê³  ë§ê³ ìš¤!,ìˆ˜ì˜ë³µ.. ì™€ìš°ðŸ”¥,í—› ìˆ¨ë©ŽðŸ¤©ë„˜ ì„¹ë í•´ì—¬ ì—¬ì‹ ì–¸ë‹ˆðŸ¤©,í•«ê±¸ ë¹„í‚¤ë‹ˆ..ðŸ¥¸â¤ï¸,
ì§„ì§œ ìº í•‘ ìžì£¼ ë‹¤ë‹ˆì‹œëŠ”ë“¯ ë¶€ëŸ¬ì›Œìš”â¤ï¸,ã…Ž ã… ì˜ìƒ ë„˜ ì¢‹ì•„ìš©ðŸ˜â¤ï¸,ì–¸ë‹ˆ ì…©ë³µ ì˜¤ã…‘ì¼€ ë‹¤ì´ë½€ìš”â¤ï¸,ì•„ì´ê³  ì´ë» â¤ï¸,ë‹­ê¼¬ì¹˜ëŸ¬ë²„ì—¬ê¸°ìš”ðŸ¤š,ì—¬ê¸° ì„ ë…€ ëª©ìš•í•´ìš”â€¦ðŸ«¢,ì•„ë¦„ë‹¤ìš°ì‹œë„¤ìš”~ :) ðŸ˜ðŸ‘,ìˆ˜ë¦°ë‹˜ ë³´ë©´ ì§„ì¨” ì„ ë…€ ê°™ì•„ìš” ðŸ¥¹ðŸ©µ ë‚ ê°œì˜· ìˆ¨ê²¨ì•¼í•´ !!!!! ðŸ«£ðŸ«£,ížë§ í•˜ê³  ì˜¤ì´ì†Œ,ì´ìœ ê°€ë„ˆë¬´ë„ˆë¬´ ë§Žì€ë°ìš©â¤ï¸â¤ï¸,ðŸ‘,â¤ï¸â¤ï¸â¤ï¸â¤ï¸â¤ï¸,ðŸ‘ðŸ»ðŸ‘ðŸ‘ðŸ»,ìˆ˜ë¦°ë‹˜ ì˜ˆë»ìš”ðŸ’œðŸ’œðŸ™ðŸ™,ðŸ”¥
í’€ëž¨í•‘ ì‹±ê¸°ðŸ˜ ë„˜ ì¢‹ì„ê±°ê°™ì˜¤ìš” ì‹œì›ðŸ¤,ëª¸ë§¤ê°€ ì§„ì§œ ì˜ˆìˆ ì´ì—ìš” !!,ìš°ì•™ ë°”ë² íì‚¬ì§„ë„ ìµœê³  ðŸ”¥,ì˜¤ë‚˜ì˜ ì—¬ì‹ ë‹˜ â¤ï¸â¤ï¸ ìœ¤í˜¸ ì´ì´ì´ ë„ˆë¬´ ê·€ì—¬ì–´ì—¬ ðŸ˜ðŸ˜ðŸ˜ðŸ˜,ë°ë·”ì–¸ì œí•´ì—¬â€¦.ì§„ì§œ ë„˜ì˜ˆðŸ’—ðŸ’—ðŸ’—ðŸ’—,ì—¬ê¸° ì§„ì§œ ë„ˆë¬´ ì¢‹ì§€? ì‹¬ì§€ì–´ â¤ï¸ ì˜¨ìˆ˜í’€  24ì‹œê°„ ì´ìš©ê°€ëŠ¥,ì–¸ë‹ˆ ì•„ë¬´ëž˜ë„ ì• ëŠ” ì œê°€ ë‚³ì•˜ë‚˜ë´ìš”,"ìˆ˜ë¦°ì´ë‹˜ ì²­ëŸ‰í•œ í•˜ëŠ˜ì´ëž‘ ì™„ì „ ì°°ë–¡ì´ì•¼,,,â¤ï¸",ì•„ë¦„ë‹¤ìš°ì‹œë„¤ìš”~ :) ðŸ˜ðŸ‘,ìš°ì™• ì–¸ë‹ˆë‘ ì—¬ê¸° ê°”êµ¬ë‚­~~ ë‚˜ë‘ ë„˜ ì¢‹ì•˜ì ¸ìš” ì—¬ê¸°ðŸ˜â¤ï¸,ìˆ˜ì˜ìž¥ì´ ìžˆëŠ” ê¸€ëž¨í•‘ì´ì—ìš”ðŸ˜ ì™€ðŸ™ŒðŸ™Œ ë„˜ ì¢‹ë„¤ìš”ðŸ™Œ,ðŸ¤£ðŸ¤£ðŸ¤£,Bello paisaje saludos,ðŸ’™í’€ëž¨í•‘ ìµœê³ ,ì €ë¬´ëŠ¬ê°€ ë­”ê°€ ì¸ì–´ ë¹„ëŠ˜ê°™ì•„ë³´ì—¬ì„œ í•‘ê¾¸ì¸ì–´ê°™ë‹¨ë§ì´ì£ â¤ï¸â¤ï¸
ëˆ„ê°€ ì–¸ë‹ˆë¥¼ ì•„ê¸°ì—„ë§ˆë¡œ ë³´ëƒêµ¬ìš”!â¤ï¸ðŸ˜,69ìŠ¬ëž¨ ðŸ«¶ðŸ» í•˜íˆ¬,ëª¸ë§¤ ì¦ë§ðŸ˜ðŸ”¥,"ì„¸ìƒì—,,, ì§„ì§œ ê´€ë¦¬ ìž˜í•˜ì‹ ë‹¹ðŸ¥°â¤ï¸ ì•ˆ ì–´ìš¸ë¦¬ëŠ” ê²Œ ì—†ë„¤ì—¬!!!! í¬ìœ¼ðŸ‘ðŸ»âœ¨",í•¡ ì˜ ê³ ì ¸ìŠ¤ðŸ’–ðŸ«¶ðŸ»,ìˆ˜ì˜ë³µ ì§„ì´¤ë£¨ ë„˜ ì´ë»ìš”ðŸ‘ðŸ’•,ìž˜ì–´ìš¸ë ¤ìš”â¤ï¸â¤ï¸ ì´ë»ë‡¨!,í—í”¼ë¶€ëž‘ ì°°ë–¡ì´ë‹¤ðŸ˜ðŸ˜,So cute ðŸ§¡ðŸ¤­,ì•„ë¦„ë‹¤ì›Œìš”ðŸ«¶ðŸ»ðŸ«§ðŸ«§,ì•„ ì§„ì§œ ì˜ˆë¿Œë‹¤ â¤ï¸â€ðŸ”¥,ìº¬â¤ï¸ ì§„ì§œ ìˆ˜ì˜ë³µìƒ· ì˜ˆë¿Œë‹¤êµ¬ìš©ðŸ˜,ì„¸ìƒì´ ì™„ë²½ëª¸ë§¤ðŸ˜,ì–¸ëƒ ëª¸ë§¤ê°€ êµ¬ëƒ¥ ë¹„í˜„ì‹¤ì â¤ï¸â¤ï¸,
ì–¸ë‹ˆë„ ì‚ì‚í‚¤ì¦ˆí’€ë¹Œë¼ ê°™êµ°ìš” ðŸ˜ ì—¬ê¸° ë„ˆëª¨ ì¢‹ì•„ìš” â£ï¸â£ï¸â£ï¸,ì„ ë…€ì–¸ë‹â¤ï¸,ë„˜ë‚˜ë¦¬ ì˜ˆë¿..â¤ï¸ ì²­ìˆœì—¬ì‹ ðŸ˜,â¤ï¸,ì™€ ì²­ìˆœ ê·¸ìžì²´â¤ï¸,íŒŒë°” ë²Œì¨ì‚¬ì‹ ê±´ê°€ìš”?í”¼ë“œë†€ëŸ¬ì˜¤ìŽ„ìš”ðŸ˜‚,ë­ì•¼ ë„˜ ì´ë»..ðŸ©µ,"ìš¸ì–¸ë‹ˆ ì§„ì§œ ì²´ê³  ì˜ˆì˜ëŒœ,,â¤ï¸â¤ï¸",ë„ˆë¬´ ì´ì˜ì‹œë„¤ìš”~ :) ðŸ˜ðŸ‘,ì—¬ë¦¬ì—¬ë¦¬â¤ï¸â¤ï¸ ì§„ì§œì²­ìˆœí•´ìœµâ¤ï¸â¤ï¸,â¤ï¸â¤ï¸â¤ï¸â¤ï¸â¤ï¸,ìˆ˜ë¦°ë‹˜ ìƒê°ë§Œ í•´ë„ ì˜ˆë»ìš”ðŸ’–ðŸ’–ðŸ™ðŸ™,ðŸ¥°ðŸ¥°ðŸ¥°ðŸ’ðŸ’ðŸ’ðŸ‘ðŸ‘ðŸ‘,,
ì—¬ê¸´ ì–´ë””ì—ìš”?! ë„ˆë¬´ë„ˆë¬´ë„ˆë¬´ ì˜ˆë»ìš”ðŸ˜ ìžì—°ìŠ¤ëŸ½êµ¬â¤ï¸,"ì§„ì¨” ìˆ˜ë¦°ì´ë‹˜ ì„¸ë¥´ì§€ì˜¤íƒ€í‚¤ë‹ˆ ì°°ë–¡ì´ì•¼ , , ðŸ’—ðŸ’—",ê³¨í”„ë§Œí™” ì—¬ì£¼ ê°™ì•„ìš©ðŸ’šðŸŒ¹ðŸŒ¹,ì €ëž‘ì»¤í”Œâ¤ï¸,ì„¸ë¥´ì§€ì˜¤ ë„˜ ìž˜ì–´ìš¸ë¦¬ì…”ìš©ðŸ˜ðŸ˜,ë²„í‚·í–‡ë„ ë„ˆë¬´ ì˜ˆë»ë²„ë¦¬êµ¬ðŸ¥¹ ì–¸ë‹ˆ ë¹„ìœ¨ ìµœê³ ë‹¤â¤ï¸,ë¹„ê¹Œì§€ ì–¸ë‹ˆíŽ¸ì´ë„¤ ðŸ’šâ¤ï¸,ë¹„ì¡°ì‹¬ ðŸ¥¹,ìŠ¤ì»¤íŠ¸ íƒë‚˜ðŸ’š,ì˜¤ëŠ˜ ë£©ë„ ë„˜ ì˜ˆì˜ë‹¤ðŸ’š ë¹„ì˜¤ì§€ë§Œ #í™”ìš”íŒ…â£ï¸,ì´ˆë¡ê³µì¥¬â¤ï¸â¤ï¸â¤ï¸â¤ï¸,ë¹„ì¡°ì‹¬ ã…œã…œã…œã…œë¹„ê°€ì™€ë„ ì˜ˆë¿Œë„¤ì˜¤â¤ï¸,ìš°ì™•. ëª¨ìžë„ ë£©ë„ ë‹¤ ë„˜ ì·¨í–¥ì €ê²©. ìˆ˜ë¦°ë‹˜ì´ ìž…ì–´ì„œ ë”ì˜ˆìœê±°ê°™êµ¬ìš©ðŸ˜ðŸ˜,ëª¨ìžì— ì–¼êµ´ ì†Œë©¸ê°ðŸ’š,ì˜†ëª¨ìŠµë„ ì´ì˜ì‹œë„¤ìš”~ :) ðŸ˜ðŸ‘
ë°°ë§›ì´ë¼ë‹ˆ!! ë§ˆì…”ë³´ê³ ì‹¶ì–´ìš”ðŸ˜,ì™€ ì†Œë‹¤ë§› ê¶ê¸ˆí•´ â¤ï¸,ì–´ë¨¸ ì‹ ê¸°í•´ìš”ðŸ˜ ì™„ì „ ê¶ê¸ˆì“°ðŸ©µ,ë§ˆí”„ëŒ€ëž€ðŸ«°ðŸ»,ìš°ì•™ðŸ˜ ë§ˆí”„ ì‰ì´í¬ ë§›ìžˆê² ë‹¤ì—¬ë¦„ì²  êµ¿ ì•„ì´ë””ì–´â¤ï¸,ì˜¤ ì†Œë‹¤ë§›ì´ë¼ë‹ˆ!!!!,ì´ì˜ì‹œë„¤ìš”~ :) ðŸ˜ðŸ‘,â¤ï¸â¤ï¸â¤ï¸â¤ï¸â¤ï¸,ìˆ˜ë¦°ë‹˜ ì–¸ì œë‚˜ ì˜ˆë»ìš”ðŸ¤ðŸ¤ðŸ’šðŸ’š,Your body is Perfect ðŸ˜˜ðŸ˜˜ðŸ˜â¤ï¸,â¤ï¸,,,,
ì–¸ë‹ˆë³µê·¼ ë„ˆì–´â¤ï¸â¤ï¸â¤ï¸,ì–¸ë‹ˆ ë³µê·¸ë‹ˆê°€ ë„˜ ë©‹ì¬¬ðŸ˜,ì™„ì£¤í•œ í•„ë“œì—¬ì‹  â›³ðŸ’šðŸ¤ðŸ’š,ìš”ê±°ì €ëž‘ì»¤í”Œì´ì—ìš”â¤ï¸â¤ï¸,í•­ ì´ì˜ë‹¤ëŠ” ë§ë°–ì— ðŸ˜ðŸ’š,ðŸ’šðŸ¤êº… ë„ˆë¬´ ìž˜ì–´ìš¸ë ¤ìš”â›³ï¸ðŸ’šðŸ¤ ê°™ì´ ë¼ìš´ë”©ê°€ê³ ì‹¶ìžë‚˜ìš”ðŸ˜,ì§„ì¨” ê·¸ë¦° ë„ˆë¬´ ìž˜ ì–´ìš¸ë ¤ìš” ìˆ˜ë¦°ì´ë‹˜ ðŸ¤­ðŸ’—,ìš°ì•„ ê·¸ë¦°ê³µì¥¬ëŒœâ¤ï¸,ìš°ì™€ ìˆ˜ë¦°ë‹˜ ê·¸ë¦°ì»¬ëŸ¬ ë„˜ ìž˜ ì–´ìš¸ë¦¬ì‹ ë‹¤ðŸ«¶ðŸ»#ì›”ìš”íŒ…,ì•„ë¦„ë‹¤ì›Œìš”ðŸ«§ðŸŒ¿ì‚°ëœ»,í—â€¦â¤ï¸â¤ï¸ì–¸ë‹ˆ ìž˜ì–´ìš¸ë ¤ìš” ë„ˆë¬´,â›³ï¸ðŸŽ¾,ë³µê·¼ë°–ì— ì•ˆë³´ì´ëŠ”....ðŸ‘ðŸ‘ðŸ”¥,ì„¸ìƒì— ìžê¸°ê´€ë¦¬ ëíŒì™•ì´ë„¤ìš”ðŸ¥°ðŸ’•!! ê·¸ë¦°ì»¬ëŸ¬ = ìˆ˜ë¦°ë‹˜ðŸ’š,ì–¸ë‹ˆ ë” ìŠ¬ë¦¼í•´ì§„ê³ ê°™ì€ë°â¤ï¸
#ìœ¤í˜¸ê°€ìž˜ìƒê¸¸ìˆ˜ë°–ì—ì—†ëŠ”ì´ìœ ,ì—°ì˜ˆì¸ë¶€ë¶€ì•„ìž…ë‹ˆê¹Œ?? ðŸ¥°ðŸ¥°,ìš°ì™€ ì§„ì§œ  ë¬´ìŠ¨ í™”ë³´ê°€ ë”°ë¡œ ì—†ë„¤ìš”ðŸ˜ðŸ˜ ë‚¨íŽ¸ë¶„ ë¹„ì¥¬ì–¼ê¹Œì§€ðŸ‘ðŸ‘,ã…Ž ã… ì§„ì§œ ì´ê±´ ì»¤í”Œí™”ë³´ðŸ¥¹ðŸ¥¹â¤ï¸ðŸ’š ë„˜ ì˜ˆë»ìš” ì–¸ë‹ˆ,ìº¬.... ìš´ì¹˜ìžˆê³  ë„ˆë¬´ ë©‹ì§„ë°ìš”ðŸ¥¹ðŸ¥¹ðŸ¥¹ðŸ’šðŸ’š ë‘ë²ˆì§¸ì»·ë„ˆë¬´ ìž‘í’ˆì´ë‹¤ðŸ‡®ðŸ‡¹â›³,ì»¤í”Œë¡œìž…ìœ¼ë‹ˆì´ë»ìš”â¤ï¸,ì™€ ì§„ì§œ ê´‘ê³  ëª¨ë¸ì´ë‹¤ â¤ï¸â¤ï¸,ìš°ì™“ ì–¸ë‹ˆë„ í˜•ë¶€ë„ ë„ˆë¬´ ìž˜ì–´ìœ¨ë ¤ìš”ðŸ˜ 3ë²ˆì§¸ ì‚¬ì§„ ì™„ì „ í™”ë³´ë¼ëŠ¥â€¦â¤ï¸,ì˜·ë„ ì´ì˜ê³  ê·¸ëƒ¥ í™”ë³´ì—ìš”ðŸ’š,í— ì»¤í”Œë¡œ ìž…ìœ¼ë‹ˆ ì§±ì´ë»..,í™”ì§„ì§œ í™”ë³´ ðŸ˜ðŸ˜ðŸ˜ðŸ˜ ì„ ë‚¨ì„ ë…€ ì»¤í”Œ ê°„ì§€ ðŸ’šâ¤ï¸ðŸ’šâ¤ï¸ðŸ’šâ¤ï¸ðŸ’šâ¤ï¸,ì»¤í”Œë£© ë„ˆë¬´ê·€ì—¬ì›Œìš”â¤ï¸â¤ï¸ ëª¨ë¸ë¶€ë¶€â¤ï¸,ì»¤í”Œ ë„ˆë®¤ ìž˜ì–´ìœ¨ë¦°ë‹¤...â¤ï¸,ë‘˜ì´ í™”ë³´ ì œëŒ€ë¡œ ë„˜ ë©‹ì§„ ì»¤í”ŒðŸ˜,í¬ ì–¸ë‹ˆ ë„ˆë¬´ ì˜ˆë»ìš”ðŸ™Œ
ìž˜ì§€ë‚´ì‹¸ì—¼ðŸ˜? ë³´êµ¬ì‹¶ì—ˆì–´ì—¬ì €ë‘ ížˆížˆ  ì—¬ì „ížˆ ìš´ë™ì—´ì‹œë¯¸í•˜ì‹œëŠ”ê±°ê°™ì•„ìš”ðŸ‘,ì•„ë ¨ì•„ë ¨ ìƒ‰ê°ëª¨ì•¼ì•„~ ì˜ˆì˜ì§€ì˜¤~ðŸ’š,ëª¨ë“  ì˜ìƒì´ ë‹¤ ìž˜ ì–´ìš¸ë¦¬ë„¤ìš” !!!!!!â˜ºï¸ðŸ‘ðŸ¼,ì´ˆë¡ì´ˆë¡ ì—¬ì‹  â™¡ ì €ëŠ” ë§ˆì§€ë§‰ ì‚¬ì§„ì´ ê°œì¸ì ìœ¼ë¡œ ì·¨ì € â™¡,ì‚¬ì§„ëŠë‚Œ ëª¨ì•¼ ðŸ’šðŸ’šðŸ’šðŸ’š ë„ˆë¯€ ì•Œí ë‹¤ì›Œì—¬,ðŸŽ¾â›³ï¸ðŸƒðŸ»â€â™€ï¸ì„¸ë¥´ì§€ì˜¤~,ìš´ë™ë³µë„ ì˜ˆë»ìš”âœ¨ðŸŒ¿í™”ì´íŒ…ì´ìš”,íŽ¸ì•ˆí•˜ë©´ì„œ ê°•í•´ë³´ì´ëŠ” í¬ì¦ˆë“¤ì´ êµ‰ìž¥ížˆ ë¦¬í”„ë ˆì‰¬ë˜ëŠ” ëŠë‚Œì˜ ì‚¬ì§„ë“¤ì´ì—ìš”ðŸ’šðŸ’šðŸŒ¿ í•­ìƒ ë³´ë©´ ê¸°ë¶„ ì¢‹ì€..ðŸ˜ƒ,ìœ¼ì–´ìœ¼ì–´ ì € ì´ˆë¡ ë•í›„ì¸ë° ìŠ¤í¬í‹°í•¨ì´ ì •ë§ ì·¨í–¥ ì €ê²©ðŸ¤­ðŸ’šðŸŒ¿,ì™€ ì¹´ë©”ë¼ê°¬ì„ â¤ï¸ðŸ”¥ðŸ˜,êº… ë„ˆë¬´ ì´ë»ìš”â¤ï¸ðŸ˜,ìš°ì•„ ìŒ¤ ë³µê·¼ì§±â¤ï¸â¤ï¸,ì˜†ëª¨ìŠµë„ ì´ì˜ì‹œë„¤ìš”~ :) ðŸ˜ðŸ‘,ì´ˆë¡ìƒ‰ ì°°ë–¡.  ì‹±ê·¸ëŸ¬ì›Œìš©ðŸŒ¿ðŸŒ¿ðŸŒ¿,ìœ¼ë‹ˆ ë§ˆì§€ë§‰ ì‚¬ì§„ ë©”ì¸ ì•„ë‹ˆëƒê³  â¤ï¸
í˜¸ì¹´ ìš´ë©í™” ì–´ë•Œ? ðŸ˜,ì˜· ìƒ‰ìƒì´ ë„˜ ì´ì˜ì‹­ë‹ˆë‹¤!!:),ìº¬ ë³µê·¼ ë©‹ìžˆì–´ìš©ðŸ˜,ì›ƒìŒì— ì¹˜ì¸ë‹¤ê·œìš©â˜ºðŸ˜†ðŸ«¶ðŸ»ðŸ¤,ìŠµí•˜ê³  ë¥ê³  ìš°ì¤‘ì¶©í•œ ë‚ ì”¨ê°€ ê³„ì†ë˜ê³ ìžˆë„¤ìš” ã… ã…œã…  ì˜¤ëŠ˜ë„ ë¹„ì†Œì‹ì´....í›…,êº„ì›ƒëŠ”ê²Œë„˜ì´ë»ìš”â¤ï¸,ë‚ ì”¨ëŠ” íë ¤ë„ ì–¸ë‹ˆëŠ” ë§‘ì°Œìš©ðŸ’™,ìžìœ ë¡­ê²Œ ë›¸ ë•Œ ì„ ëª…ížˆ ë³´ì´ëŠ” ë³µê·¼..â™¥ï¸ ì €ì˜ ì›Œë„ˆë¹„ðŸ˜ ë„ˆë¬´ ë©‹ì ¸ìš”ðŸƒâ€â™€ï¸ðŸƒâ€â™‚ï¸ðŸƒ,ì˜¤ëŠ˜ë„ ì´ë¿Œë‹¹ ðŸ¤ðŸ©µ,ì›ƒëŠ”ëª¨ìŠµì´ ë„ˆë¬´ ë§‘ë‹¤ìš”ðŸ˜ðŸ˜,í˜¸ì¹´ ë„ˆë¬´ íŽ¸í•´ìš” â¤ï¸â¤ï¸,ðŸƒðŸ»â€â™€ï¸ðŸƒðŸ»â€â™€ï¸,ì´ì˜ì‹œë„¤ìš”~ :) ðŸ˜ðŸ‘,ì–¸ë‹ˆ ë¹¨ë¦¬ ê°€ì„ì™€ì„œ ê°™ì´ ë‹¬ë ¤ìš¬ã…‹ã…‹ã…‹â¤ï¸,ì•„ë¦„ë‹¤ì›Œìš”ðŸ’™âœ¨
í•˜ì•™ ì–¸ëƒ ë¶€ì‚° ì–¸ì œ ë‹¤ë…€ì˜¤ì‹ ê³ ì—ìš©ðŸ¥¹ðŸ’™,ì–¸ë”ì›¨ì–´ ì„¸íŠ¸ê°€ ì œì¼ íƒë‚˜ëŠ”ë°ìš©..ðŸ˜¯ðŸ˜®! í”¼ë“œ ë„ˆë¬´ ë©‹ì ¸ìš”â™¥ï¸,ìš°ì™• ê´‘ì•ˆë¦¬ì—ë„ ìžˆë‹¤ë‹ˆ!! ì½”ì•žì¸ë° ê°€ë´ì•¼ê² ì–´ìš¥â¤ï¸,ðŸŒ±ðŸŒ±ê´‘ì•ˆë¦¬ ë¼ë·°,ì˜¤ëŠ˜ ë£© ë„ˆë¬´ ì´ì˜ë‹¹ðŸ˜,ìœ„ëœ¨ì—ì„œë„ ìŠ¤ì»¤íŠ¸ê°€ ë‚˜ì™”ë‚˜ë´ì˜ðŸ˜ ì˜ˆë¿Œë‹¹â¤ï¸,ìœ„ëœ¨ ì œí’ˆ ë„ˆë¬´ ì¢‹ì•„ìš”â¤ï¸â¤ï¸,ì €ë‘ ë¶€ì‚° ê°ˆì¼ ìžˆì„ ë•Œ ê¼­ ê°€ë³´ëŠ”ê±¸ë£¨~~ã…ŽðŸ˜,ë„ì•„ ì•ˆê·¸ëž˜ë„ ì € ë°€ë½ë”ë§ˆì¼“ ê°”ì„ ë•Œ ìœ„ëœ¨ ë¶€ìŠ¤ ë´¤ì–´ìš” â¤ï¸ ë„˜ì˜ˆ ã… ã… ã… ã… ,ìœ„ëœ¨ ì°©ìš©ê° ë„˜ ê·±ê¸ˆí•´ìš”â¤ï¸â¤ï¸,ì–¸ë‹ˆëž‘ ì°°ë–¡â¤ï¸,ì˜¤ ! ìœ„ëœ¨ ë¶€ì‚°ì— íŒì—…! ì–¸ë‹Œ ìœ„ëœ¨ë„ ìž˜ì–´ìš¸ë¦¬ëŠ”êµ¬ë§Œâ¤ï¸,í—¤ ì–¸ë‹ˆ ë¶€ì‚° ë¬´ì¡°ê±´ì´ë“€ â¤ï¸,ë„ˆë¬´ ì´ì˜ì‹œë„¤ìš”~ :) ðŸ˜ðŸ‘,ë§ˆì§€ë§‰ì‚¬ì§„ ì·¨ì €â¤ï¸
ì˜¤ëŠ˜ë” ì´ë»ë³´ì´ì‹¬â€¦ðŸ˜,ìº¬ ê¸°ë¦½ê·¼..ðŸ©µðŸ©µ ì €ê±° ê·¸ëŸ¼ ì§‘ì— ìžˆëŠ” ë°”ì´í¬ì—ë„ ë˜ê² ë„¤ìš”? ë„ˆë¬´ ì‹±ê¸°í•´!!,ðŸ™Œê¿€ìž¼,ìš´ë™í• ë§› ë‚˜ê² ì–´ìš©ðŸ˜ðŸ˜,ì˜¤ëŠ˜ ì™œ ë” ì´ë»ìš”â¤ï¸â¤ï¸â¤ï¸,ë‹¬ë ¤ë¯¼ë‹¤ëŠ” ë‹¬ë ¤ë´¤ì§€ë§Œ ðŸ˜‚ ì—”ì§„ ë§Žì´ ì£½ì—ˆìª™ ã…‹ã…‹ã…‹ì–¸ë‹ˆ ì‘ì›í•´ì¤˜ì„œ ê³ ë§ˆì›Œìš”â¤ï¸,ì˜¤ëŠ˜ ì¢€ ì„¹ì‹œí•œë°..?,ì´ê±¸ë¡œ ìš´ë™í•˜ë©´ ì–¸ë‹ˆì²˜ëŸ¼ ê°œë¯¸ í—ˆë¦¬ ê°€ëŠ¥??ðŸ˜,íì•„ðŸ˜ ì´ê±¸ë¡œ ìš´ë™í•˜ë©´ ì‹œê°„ ê°€ëŠ”ì¤„ ëª¨ë¥´ê² ìˆ´ì—¬â¤ï¸,ë„˜ ì´ì˜ë‹¤ì–‘ðŸ˜ðŸ˜,ì˜†ëª¨ìŠµë„ ì´ì˜ì‹œë„¤ìš”~ :) ðŸ˜ðŸ‘,ì²­ìˆœí•˜ì…”ë¼â¤ï¸â¤ï¸,í—ˆë¦¬ê°€ í•œì¤Œì´ì–´ìš”ðŸ˜®ðŸ‘ðŸ‘ðŸ‘,ì˜†ì—ì„œë„ ë³´ì´ëŠ” ì„ ëª…í•œ ë³µê·¼ðŸ˜,ì˜¬ë¦¼ë¨¸ë¦¬ë„ ë„˜ ê·€ì—½ â¤ï¸
ì°©ìž¥ë„ ì—¬ë¦„ ðŸ©µ ì˜ˆë»ìš©,ë§ˆí”„ëŒ€ëž€ ë„˜ë‚˜ë‘ ê¸°ë‹¤ë ¤ì§€ëŠ” ì£¼ê°„ì´ì£µðŸ˜ ë¸”ë£¨ê°€ ì˜¤ëŠ˜ë”°ë¼ ë” ì‹œì›í•˜ë„¤ìš”ðŸ’™,ì™€ ì§„ì§œ ì¸ê°„ í¬ì¹´ë¦¬ ìŠ¤ì›¨íŠ¸!!ðŸ˜,ë§ˆí”„ëŒ€ëž€â¤ï¸â¤ï¸ì €ë„ ì‚¬ì•¼ê² ì–´ìš”!!!!,"ë¶„ìœ„ê¸°ê°€ ì¢‹ìœ¼ì‹œë„¤ìš” â€¼ï¸ë¬¼ì–´ ë³¼ê²Œ ìžˆëŠ”ë°, ìž ì‹œ ë””ì—  ê°€ëŠ¥í•˜ì‹ ê°€ìš”~?",ìš°ì™€ ì´ê±° ë§ˆì…”ë³´ê³ ì‹¶ì–´ìš©ðŸ˜ðŸ˜ë§›ìžˆê² ë‹¹,ì–¸ë‹ˆì˜ ì†Œí™”ë ¥ì´ëž€ ì¦ë§¬ðŸ’™,ì—­ì‹œ ì–¸ë‹ˆ ëª¸ë§¤ ë¯¸ì³ë– ìš”â¤ï¸,ì˜¤ìš´ì™„ðŸ”¥,í¬ì¹´ë¦¬ë£©ðŸ’™ ì˜¤ëŠ˜ë„ ì˜ˆì¨ í½íŒ”ðŸ˜,ì •ë§ ë„ˆë¬´ ì˜ˆë»ðŸ’œðŸ’œðŸ’œðŸ’œ,ë¸”ë£¨ìƒ‰ ì§„ì§œ ìž˜ì–´ìš¸ë¦¬ì…”ìš¤ðŸ’™ðŸ’™ ë§ˆí”„ëŒ€ëž€!!ðŸ”¥,ì—¬ê¸°ì˜· ì–¸ë‹ˆëž‘ ì°°ë–³,ìš°ì™€ ë”ìš´ë‚  ë” ì‹œì›í•´ ë³´ì´ë„¤ìš”ðŸ’™ ê¸ˆìš”íŒ…ðŸ«¶ðŸ»,â¤ï¸â¤ï¸â¤ï¸â¤ï¸â¤ï¸
ì†ëª©ì— ì¼€í† í†± ë¶™ì´ê³  ì‹¶ë‹¹ðŸ˜,ê´€ì ˆê±´ê°•ðŸ¤ðŸ¤,ðŸ‘ì ì‹¬ ë§›ìžˆê²Œ ë“œì„¸ìš” ðŸ˜„ ðŸ˜˜ ðŸ’• ðŸ˜ ðŸ˜š ðŸ˜ ê±´í–‰ ðŸ”¥ðŸ™ŒðŸ”¥íŒŒì´íŒ…ìž…ë‹ˆë‹¤. ë¬¼ìžì£¼ ë§ˆì…” ìš”,ì˜¤ëŠ˜ë„ ì²­ìˆœâ¤ï¸â¤ï¸â¤ï¸,ê´€ì ˆì—” ì¼€í† í†±â¤ï¸,ðŸ™Œ,ì²­ìˆœí•˜ì…”ë¼..â¤ï¸â¤ï¸,ì´ì˜ì‹œë„¤ìš”~ :) ðŸ˜ðŸ‘,â¤ï¸â¤ï¸â¤ï¸â¤ï¸â¤ï¸,ë„ˆë¬´ì´ë»ìš¥â¤ï¸ ì¼€í† í†±ì€ ëŠ˜ìœ ìš©â¤ï¸â¤ï¸ì •ë§ì˜¤ëž˜ë«ë„¤ìš©!!,í˜¸ì˜¤ â¤ï¸ ì´ìœ ë°±ì„¤ êµ¿ëª¨ë‹,çœ‹èµ·æ¥åº”è¯¥æ´»æŒºå¥½çš„å‘€,[ìŠ¤íƒ€ì¼ì‹œí¬] ì´ ì‚¬ì§„ ë³´ìžë§ˆìž ë³µê·¼ì´ ëˆˆì— ë”± ë“¤ì–´ì˜¤ë„¤ìš” ðŸ˜Šâ¤ï¸,ë³µê·¼ ì©”ì–´ ì§„ì§œ...,ðŸ™ŒðŸ™ŒðŸ™Œ
ì›ƒëŠ” ëª¨ìŠµë„ ì˜ˆë»ìš”â£ï¸âœ¨âœ¨,í•«í•˜ê²Œ ìž…êµ¬ ê³„ê³¡ê°€ì‹ ê±´ê°€ìš” ðŸ”¥  ê³„ê³¡ê°€ì„œ ë°±ìˆ™ì´ë‚˜ ë¨¹êµ¬ ë‚®ìž ë•Œë¦¬ê³  ì‹¶ë„¤ìš” â¤ï¸ ã…‹ã…‹ã…‹ã…‹,ì—¬ë¦„ì— ê³„ê³¡ ë„˜ë‚˜ë‘ ì¢‹ì•„ìš”! ì‹œì›~ðŸ™ŒðŸ˜,ìš°ì•„ ì—¬ê¸´ì–´ë””ê³„ê³¡ì´ì—ìš©â¤ï¸â¤ï¸,ê°¤ëŸ­ì‹œë„ ìš¸ì–¸ëƒí•œí…Œ ë°˜í•˜ì§€âœ¨âœ¨,ðŸ‘,ì•„ì´í°ì´ë“  ê°¤ëŸ­ì‹œë“  ì–¸ë‹ˆëŠ” ì¡´ì˜ˆâ¤ï¸,í° í™”ì§ˆì´ ì¤‘ìš”í•œê²Œ ì•„ë‹ˆì—ˆë„¤ì—¬â€¦,ì˜¤ ìš°ë¦¬ë‘ ì–‘ì–‘ ì—¬í–‰ ê³„íšì¤‘ì¸ë° ë²•ìˆ˜ì¹˜ ë©”ëª¨ë©”ëª¨ ðŸ˜šðŸ˜š,ë„ˆë¬´ ì´ì˜ì‹œë„¤ìš”~ :) ðŸ˜ðŸ‘,â¤ï¸â¤ï¸â¤ï¸â¤ï¸â¤ï¸,ì—¬ì‹ ê°•ë¦¼â¤ï¸â¤ï¸,ðŸ•ï¸,ê³„ê³¡ì—ë„ì´ëŸ¬ì¼€ì´ì ìˆ˜ê°€ì•„..â™¥ï¸ðŸ«¶ðŸ»â™¥ï¸,
"ë‚´ê°€ ë³´ì•˜ëŠ”ë°, ë‹¤ë“¤ ë§‰ëŒ€ë¡œ ê³µì„ì³ì„œ ë‹´ìž¥ì„ ë„˜ê¸´ë‹¤ë„¤!ðŸ˜‹",ì˜ìƒì´ ë” ì˜ˆë»ìš”â¤ï¸â¤ï¸â¤ï¸,ì ì  ë‚˜ì´ìŠ¤í•˜ê²Œ ìž˜ì¹˜ì‹œë„¤ìš”ðŸ‘ðŸ‘ðŸ‘ðŸ‘ðŸ‘,â›³ï¸ìž˜í•˜ê³ ì‹¶ë‹¤,ê³¨í”„ì¹˜ëŠ” ì²œì‚¬â¤ï¸,â¤ï¸,ë§Žì´ ëŠì…¨ë„¤ìš”ðŸ‘,ìž˜í•˜ê¸°ìœ„í•´ ê³ ë¯¼í•˜ëŠ” ìˆ˜ì—°ë‹˜ ê·€ì—¬ìš°ì‹¬â¤ï¸ ê³¨í”„ì—¬ì‹ â¤ï¸,ë§ŒëŠ¥ ìš´ë™ìºâ¤ï¸ë‹¤ ìž˜í•˜ëŠ” ë©‹ì§„ ì–¸ë‹ˆì•¼~,ðŸ˜ðŸ˜†ðŸ˜ŠðŸ˜‰ðŸ‘,ìž˜í•˜ê³  ì´ì°Œ â¤ï¸,ì„¸ë¸í‹´ì´ ë¶€ë¦…ë‹ˆë‹¤ì•„ì£¼ ë‚˜ì´ìŠ¤ ðŸŽ¶,ë‚˜ì´ìŠ¤ ìƒ·ðŸŒðŸŒ,ìˆ˜ë¦°ë‹˜ ëˆ„ê°€ ë´ë„ ì˜ˆë»ìš”ðŸ’œðŸ’œðŸ¤ðŸ¤ðŸ™ðŸ™,ðŸ‘ðŸ¼ðŸ‘ðŸ¼ðŸ‘ðŸ¼
ìœ ì—°í•˜ê³  ëŒ€ë‹¨í•´ìš”ðŸ‘ðŸ‘ðŸ’™âœ¨,â¤ï¸â¤ï¸â¤ï¸,ìœ ì—°ê·¸ìžì±„â¤ï¸â¤ï¸,ì˜¨ëƒ ìœ ì—°í•¨ì— ê·¼ìœ¡ê¹Œì§€ ë¹›ë‚œë‹¤ë¹›ë‚˜âœ¨âœ¨âœ¨,ì™€ ìœ ì—°ì„± ìµœê³  ðŸ”¥ðŸ”¥,ì—¬ì‹ ë‹˜ ê·¼ìœ¡ê¹Œì§€ ðŸ˜ ì—†ì€ê²Œì—†ì˜¤ ðŸ¥¹,ìš°ì•„ ìŒ¤ ì´ ë™ìž‘ ë„˜ë„˜ì´ë»ìš”â¤ï¸â¤ï¸,ë„ˆë¬´ ìœ ì—°í•˜ê³ ...... ì˜ˆì˜ê³ ...ã…Žã…Žã…ŽðŸ˜†ðŸ˜† í•´ê°€ ì¨í•œ ë‚ ì”¨ì— ì§„ì§œ ì°¨ë‹¨ì œ ì—†ìœ¼ë©´ ì•ˆë˜ì£ !,ì™€ìš° ì´ë™ìž‘ì€ ì–¼ë§ˆë‚˜ ì—°ìŠµì„ í•˜ë©´ ë˜ëŠ”ê±¸ê¹Œìš” ðŸ˜‚,ìœ¼ì‘?ë‚´ ëˆˆì´ ìž˜ëª»ëœê±´ê°€...ì–´ë–»ê²Œ ì €ë ‡ê²Œ...,ìš”ê°€ ìˆ˜ì—°ì–¸ë‹ˆâ™¥ï¸,ðŸ™Œ,ìš”ì¦˜ ì§„ì§œ ìžì˜¤ã…£ì„  í•„ìˆ˜ ì¸ê±° ê°™ì•„ìš” ã… ã…œì´ê±°ë°”ë¥´ë©´ ì–¸ë‹ˆì²˜ëŸ¼ í•˜ì• ì§€ë‚˜ë°”â£ï¸â£ï¸ì–¸ë‹ˆëž‘ ê°™ì´ ìš”ê°€í•˜ê³  ì‹¶ë‹¹ðŸ˜,ë“±ê·¼ìœ¡ì— ì‹¬ì¿µâ¤ï¸,ë’¤íƒœë„ë¯¸ì¸ì´ì•¼....ðŸ˜â¤ï¸
ê¼¬ë¶€ê¸° ê·€ìš¤,ì•— ì£¼ë‹ˆ ìµœì•  ê¼¬ë¶€ê¸°ë‹¤ ã…‹ã…‹ ì½¤ì£¼ì°¨ ë§ˆì…”ì•¼ê² ë„¹,ìœ¡ì§€ ë‚ ì”¨ ë¶€ëŸ¬ì›Œìš”ðŸ˜ðŸ™Œ ì œì£¼ë„ëŠ” ë¹„ê°€ 10ì¼ì§¸ë¼ ã…‹ã…‹ã…‹ã…‹ã…‹ã…‹...,ë§¤ë ¥ì ì´ë„¤ìš”!!ðŸ˜,ì½¤ë¶€ì°¨ ê·€ì—¬ì›Œ ã…‹,ì§„ì§œë„˜ë¥ì£ ðŸ˜¢â¤ï¸â¤ï¸,ê¼¬ë¶€ê¸° ì¡¸ê·€íƒ±ðŸ’™,ì—¬ë¦„ì—” ì½¤ë¶€ì°¨ ëª» ìžƒì–´ìš”ðŸ¥²,ìƒ¤ë¨¸ë„ ë„˜ ë§›ì´ì°Œ ì•Šì•„?,â¤ï¸,â¤ï¸â¤ï¸â¤ï¸â¤ï¸â¤ï¸,ì˜†ëª¨ìŠµë„ ì´ì˜ì‹œë„¤ìš”~ :) ðŸ˜ðŸ‘,ì¼ì¼€ ê·€ì—¬ìš´ ì½¤ë¶€ì°¨ëŠ” ì²˜ìŒì´ì—ìš”â¤ï¸,ìš°ì•„ ê¼¬ë¶€ê¸° ê·€ì—¼ðŸ¥¹ðŸ¥¹,í¬ì¼“ëª¬!!!ë„˜ê¸°ì—¬ì›Œìš©ã…Žã…Žã…Ž
Aiì²˜ëŸ¼ ì™„ë²½í•´..ðŸ˜,í¬í ì´ê³  ìš´ë™í™”ë„ ì˜ˆìœë°ìˆ˜ì—°ë‹˜ì´ ì‹ ìœ¼ë‹ˆ ë” ë¹›ë‚˜ë³´ì´ëŠ”ê±¸ìš”â¤ï¸,í˜¸ì¹´ ì‹ ë°œ ë„ˆë¬´ íŽ¸í•˜ì£ ðŸ˜ðŸ˜,ê·¸ëƒ¥ ë›°ì‹œëŠ” ë° ì™¤ì¼€ ì´ë¿Œì‹ ì§€â¤ï¸,ðŸ‘ðŸ‘ì„ íŒ”í•´ìš©,ìš´ë™í•˜ëŠ” ëª¨ìŠµì´ ì˜ˆë»ìš”ðŸ’œâœ¨,í˜¸ì¹´ ðŸ«¶ðŸ»,ì–¸ë‹ˆ ë§‘ê³  ë°ê³ ..ðŸ¤ ë„˜ëª¨ ì˜ˆì˜ë„¤ìš”ðŸƒðŸƒ,ë„˜ë‚˜ ê°€ë²¼ì›Œë³´ì¸ë‹¤ìš”â¤ï¸,ì´ì˜ì‹œë„¤ìš”~ :) ðŸ˜ðŸ‘,í˜¸ì¹´ ë„˜ ì¢‹ì•„í•˜ëŠ”ë°! ì‹ ë°œ ìž˜ ì–´ìš¸ë¦¬ì…”ìš”â¤ï¸,ì´ë²ˆ ì£¼ë„ í™”ì´íŒ…â¤ï¸ðŸ˜,ë§ê·¼ìœ¡ðŸ˜,ì–¸ë‹ˆ ë‚ ì•„ê°ˆê±° ê°™ì•„ ðŸ§šâ€â™€ï¸,í˜¸ì¹´â€¦.ë„ˆë¬´ë„ˆë¬´ ì¢‹ì¥¬â¤ï¸
ì˜¤ ìš”ì¦˜ ì§„ì§œ ë”ìš´ë° ì¿¨ë§íš¨ê³¼ ë„˜ ì¢‹ì„ê±° ê°™ì•„ìš”ðŸ˜,ì˜¤í˜¸ ì—¬ë¦„ì— í”¼ë¶€ì˜¨ë„ ë‚´ë¦¬ê¸° ì¢‹ê² ë‹¤ìš©ðŸ˜,ë ˆê¹…ìŠ¤ ë„ˆë¬´ ì¢‹ì•„ë³´ì—¬ìš”!! ë””ìžì¸ë„ ì´ì˜êµ¬ìš”ã…Žã…Ž ì˜¤ìš´ì™„ ê³ ìƒí•˜ì…¨ìŠµë‹ˆë‹¤ðŸ‘ðŸ”¥,ì–¸ë‹ˆê¿€í”¼ë¶€ ë‹®ê³ íŒŒ...ðŸ¤ðŸ¤ðŸ¤,ì—ì´ì¹˜ë±ìŠ¤ ì œí’ˆì€ ë‹¤ ì¢‹ì€ê±° ê°™ì•„ìš©ðŸ˜,ë‚˜ë„ ì—°ìž‘ì“°ëŠ”ë° ì§±ì¢‹ì¥¬â¤ï¸,ì—°ìž‘ì•°í”Œ ì¨ë³´ê³ ì‹¶ì–´ìš©ðŸ’“ðŸ’“ðŸ¥°,ðŸ™Œì—´ìš´,ë„ˆë¬´ ì´ì˜ì‹œë„¤ìš”~ :) ðŸ˜ðŸ‘,ì—´ìœ¤ì—´ìš´â¤ï¸â¤ï¸,â¤ï¸â¤ï¸â¤ï¸â¤ï¸â¤ï¸,ë”ìš´ì—¬ë¦„ì— ì •ë§ìœ ìš©í•˜ê² ì–´ìš”â¤ï¸ ì˜¤ëŠ˜ë„ ì˜ˆì¨ì˜ˆì¨ðŸ˜,ì—°ìž‘  ë² ì´ìŠ¤í”„ë ™  ë„˜ ì¢‹ì•„~  í™”ìž¥ ìž˜ë¨¹í…œ,You look fabulous! â¤ï¸,
ì–¸ëƒ ë¬´ë¦Žì ˆëŒ€ì†Œë“•ðŸ¤ ë°˜ë¬¶ì–¸ëƒë„ ë„˜ì˜ˆì˜,ìš°ì™€ ã…Žã…Ž ì‹ ê¸°í•˜ë‹¤!! ë¬´ë¦Ž ë§ˆì‚¬ì§€ê¸°ë¼ë‹ˆ!!!!,ìš°ì•„ ì €ë„í•˜ë‚˜ì‚¬ì•¼ì§€â¤ï¸â¤ï¸,í•„í…œì¸ë°ìš”..?! ëª¸ë§¤ê·¸ë¦¬ê³  ë‚˜ëˆ ì£¼ì„¸ìš”ã… ã… â¤ï¸,ìƒí¼í•œ ë¯¸ì†Œê°€ ìŠµí•˜ê³  ê¿‰ê¿‰í•œ ë‚ ì”¨ë¥¼ ë‚ ë ¤ë²„ë¦¬ë„¤ìš”!!,ì–¸ë‹ˆ ê¸ˆìš”íŒ…â¤ï¸,ë¬´ë¦Žì— ì¢‹ì„ ê±° ê°™ì•„ìš”ðŸ’™âœ¨ìš´ë™í•˜ëŠ” ëª¨ìŠµë„ ì˜ˆë»ìš”,ì´ì˜ì‹œë„¤ìš”~ :) ðŸ˜ðŸ‘,ì™€ìš° ì™„ì „ ê¿€í…œ! í•„ìš”í…œâ¤ï¸,â¤ï¸â¤ï¸â¤ï¸â¤ï¸â¤ï¸,ìµœê³ ì—ìš”! ì˜¤ìš´ì™„ðŸ‘ðŸ»,ìš”ì •ë„ëŠ” í•´ì¤˜ì•¼ì¥¬ðŸ‘ˆðŸ˜‹,ì˜¤ì˜¤ ë‚˜ë„ í•„ìš”í…œì´ë‹¤ â¤ï¸,ðŸ˜‡ê·¸ë¬ ,ðŸ‘ðŸ‘
ë§›ë„ ì¢‹ê³  ì±™ê²¨ë¨¹ê¸° ì¢‹ì„ ë“¯ í•´ìš”ðŸ˜ðŸ˜,í—í— ì´ê±° ì™„ë‚´ìŠ¤ðŸ˜ðŸ¤© ê·¸ì¤‘ì œì¼ì€ ìš¸ì–¸ëƒðŸ¤,ì—ê·¸ë§ˆìš” ë§›ë‚˜ë³´ì—¬ìš© !,ì˜¤ëŠ˜ì€ ë˜ ì™œì´ì¼€ ê·€ì—½ëƒ¥ â¤ï¸â¤ï¸â¤ï¸â¤ï¸,ìš°ì•„ ì¢‹ë„¤ìš©â¤ï¸â¤ï¸,ë”ìš´ë‚ . ìˆ˜ê³ í•˜ì…¨ìŠµë‹ˆë‹¤ ðŸ‘ðŸ‘ íŒŒì´íŒ…ìž…ë‹ˆë‹¤ ðŸ™ŒðŸ™Œâ¤ï¸â¤ï¸,ë„ˆë¬´ ì˜ˆì˜ì‹œë‹¤,ìš°ì•„ì•„ì•„ ë§›ë‚˜ë³´ì—¬ìš”â¤ï¸â¤ï¸,ì˜¤ì™€!! ë¨¹ì–´ë³¼ëž˜ìš©ðŸ˜†â¤ï¸,ðŸ™Œ,ìš´ë™ ì‚¬ì§„ ë©‹ìžˆìŠµë‹ˆë‹¤. ë‚´ì¼ë„ ì •ë§ í™”ì´íŒ…ìž…ë‹ˆë‹¤.ðŸ‘ðŸ‘,ë‚˜ë„ë¨¹ì„ëž˜â¤ï¸,ë‚œ ë°±ì„¤ì´ê°€ ë°±ì„¤í• ë•Œ ë”ë” ì¢‹ë“œë¼ â¤ï¸,ìž ì‹œ ì–˜ê¸°í• ìˆ˜ ìžˆì„ê¹Œìš”~??,â¤ï¸â¤ï¸â¤ï¸â¤ï¸â¤ï¸
ì˜ ê³ ì ¸ìŠ¤..ðŸ’›ðŸ¤ŽðŸ’›ðŸ¤Ž,ìš°ì•™ ì–¸ë‹ˆë„ˆë¬´ì˜ˆë¿Œë‹¤!!ë‚˜ë‘ ì—¬ê¸°ê°€êµ¬ì‹¶ì—‡ëŠ”ë°!!!!,ì˜¤ì™€ íŒì—…í•˜ìš°ìŠ¤ ë„ˆë¬´ ë©‹ì§„ë°ìš©?? ìˆ˜ì˜ë³µë„ ì´ë¿Œë‹¤ì•™,ì˜ìƒì´ë”ì´ì˜ë‹¤ë‹ˆâ¤ï¸â¤ï¸,ì•„ë ˆë‚˜í’€ì„œìš¸ ðŸ«¶ðŸ» ê³ ê³ ,ìˆ˜ì˜ë³µ ì–´ëŠ ë¸Œëžœë“œë˜ ë‹¤ ìž˜ì–´ìš¸ë¦¬ëŠ” ìˆ˜ì—°ë‹˜ ì¡°ë…œ ðŸ‘™ ì•„ë ˆë‚˜ íŒì—…ìŠ¤í† ì–´ ì§„ì§œ ìž˜ í•´ë†¨ë„¤ìš” !! ðŸ˜,ìš°ì™• ì´ê±° ìˆ˜ì˜ë³µ ë„ˆë¬´ì´ì˜ë„¤ìš”!!,ë„ˆë¬´ ì˜ˆë»ìš©ðŸ˜ðŸ˜,ë„ˆë¬´ì´ì˜ë‹¹ ì–¸ë‹ˆ ðŸ¤ŽðŸ’›ðŸ¤ŽðŸ’›,ìš°ì•™ ì €ë„ ì—¬ê¸° ì´ˆëŒ€ë°›ì•˜ëŠ”ë°!!,"ëŒ€ë°•,,,, ì•žì—ëŠ” ì›í”¼ìŠ¤ì¸ë° ë’¤ì—ëŠ” ë¹„í‚¤ë‹ˆ ê°™ì€ ë””ìŸŒâ¤ï¸ ìˆ˜ë¦°ë‹˜ ì§„ì§œ ì•ˆì–´ìš¸ë¦¬ëŠ” ê²Œ ì—†ëœŒ,,,","ëŒ€ë°• , , ë„ˆë¬´ ì˜ˆë»ìš” ðŸ¥¹ðŸ¥¹â™¥ï¸ ìˆ˜ë¦°ì´ë‹˜ ìš”ê±° ì‚¬ì…”ì•¼ê²Œì¨ìš”!!!",í—í— ì•„ë ˆë‚˜í’€ì´ë¼ë‹ˆ!! ê°€ì•¼ê² ì–´ìš”ðŸ™ŠðŸ™Š,ì–¸ë‹ˆ ë‚˜ ì´ê±° ì‚¬ê³ íŒŒì„œ ëˆˆì—¬ê²¨ë³´ê³ ìž‡ì—‡ëŠ—ë°ã…œëŒ€ë°• @sweetieee_yom,ì™€ ë„ˆë¬´ ì˜ˆë»ìš” ì–¸ë‹ˆ
ì˜¬ë¦¬ë¸Œìƒ‰ê°ë„ ì°°ë–¡ðŸ’š,ì–¸ë‹ˆì²˜ëŸ¼ í•˜ì–˜ì§€ë ¤ë©´ ìš”ê±° ë¨¹ìŒ ë ê¹Œìš”ðŸ™ˆ,ìš”ê±° ì¢‹ë„¤ìš©!!,ðŸ™Œìˆ˜ìš”íŒ…,í•„ë¦„í˜•íƒœ ë¨¹ê¸°íŽ¸í•˜êµ¬ ì¢‹ì§€â¤ï¸,ðŸ’ªðŸ»ðŸ’ªðŸ»ðŸ’ªðŸ»,ìˆ˜ìš”íŒ…íŒ…íŒ…â¤ï¸,ìˆ˜ìš”íŒ…â¤ï¸,ë‚˜ë„ í•˜ìž ë¨¹ì–´ì•¼ê² ë‹¤ ì´ê±° ã…‹,â¤ï¸â¤ï¸â¤ï¸â¤ï¸â¤ï¸,ë‚˜ë„ ë°±ì„¤ì–¸ë‹ˆì²˜ëŸ¼ í•˜ì–˜ì§€ê³ íŒŒðŸ¤ðŸ¤,ë‚˜ë„ ì´ˆì—¬ë¦„ë¶€í„° ê¹œë”©ì¸ë° ì´ê±°ë¨¹êµ¬ ì–¸ë‹ˆì²˜ëŸ¼ í•˜ì• ì§€ê³  ì‹¶ë‹¹â¤ï¸,ì´ì˜ì‹œë„¤ìš”~ :) ðŸ˜ðŸ‘,ìˆ˜ìš”íŒ…íŒ… â¤ï¸,ðŸ‘ðŸ‘ðŸ‘ðŸ‘
ì™€...ì–¸ë‹Œ ëª»í•˜ëŠ” ìš´ë™ì´ ë­ì—ìš”?,ê³¨ë¦°ì´ê¸°ë¡..ðŸ¥¹,ì™€ìš° ì¢‹ì•„ì§€ì…¨ë„¤ìš” ã…Žã…Ž,ì™€ ì–¸ë‹ˆ ê°‘ìžê¸°@ì™œ ìž˜í•´?,ðŸ˜ðŸ˜†ðŸ˜ŠðŸ˜‰ðŸ‘,ì €ëŠ” ìž˜ëª¨ë¥´ì§€ë§Œ ëª¨ë¥´ëŠ”ë°ë„ ì ì  ì¢‹ì•„ì§€ì‹œëŠ”ê±°ê°™ì•„ìš”! í•˜ë‚˜í•˜ë©´ì§„ì§œëê¹Œì§€ ë‹¤ìž˜í•´ë²„ë¦¬ëŠ” ê°“ìˆ˜ì—°ë‹˜ðŸ˜ðŸ˜,ë‚˜ì´ìƒ·ðŸ˜,ëª»í•˜ëŠ”ê²Œ ì—†ëŠ” ì—¬ì‹ â¤ï¸â¤ï¸â¤ï¸â¤ï¸,ë²Œì¨ ì´ë ‡ê²Œ ìž˜í•œë‹¤ê³ ðŸ˜¢ ëŒ€ë‹¨í•´ðŸ˜,Great looking swing! â¤ï¸,ìˆ˜ë¦°ë‹˜ ê³¨í”„ ìž˜ ì¹˜ì‹œëŠ” ê±° ì˜ˆë»ìš”â¤ï¸â¤ï¸ ìˆ˜ë¦°ë‹˜ì€ ìš´ë™ ìž˜ í•˜ì‹œëŠ” ê²Œ ë§Žë„¤ìš”â¤ï¸â¤ï¸,Good drill~,ðŸ‘,í›…ê·¸ë¦½ ìž¡ìœ¼ë©´ ë°”ë¡œ í•´ê²°,"(ã£â—”â—¡â—”)ã£ â™¥ I have always felt that there is no low-level industry, only low-level people can be a different seller, even if it is not a seller. I can also be an interesting sharer â™¥"
ìˆ˜ë¦°ë‹˜ ì‚¬ì§„ì€ ì–´ì©œ í•˜ë‚˜ê°™ì´ ì‹±ê·¸ëŸ¬ì›€ðŸ§¡ðŸ™ðŸ»,ìš°ì™•~í‘œì •ì´ ì°ì‹ ë‚œ í‘œì •ì´ì‹ ë°...!ë³´ê¸° ì¢‹ì•„ìš”~,ìš°ì™• ë„ˆëª¨ ì‹ ê¸°í•´ìš”ì˜¤ ðŸ˜® í…ŒìŠ¤íŠ¸ í•˜êµ¬ í•„ìš”í•œ ê±° ì™ì™ ì±™ê¸°ë©´ ë—ì´ë¼ë‹ˆ ðŸ¤­â™¥ï¸,ë‚˜ë‘ ë¹„ë¶€!!â¤ï¸,ã…‡ã…œì•™ ì´ê²Œë¨¸ëžŒ ì‹ ê¸°í•´ â¤ï¸,ì˜¤ ì‹ ê¸°í•´ìš” ì–¸ë‹ˆ! ë‚˜ë„ í•´ë´ì•¼ê² ë‹¤â¤ï¸â¤ï¸,ë¹„ë¶€í• ê²Œìš” â¤ï¸,ìš°ì•„ ì‹ ê¸°í•´ìš”ðŸ™Œâ¤ï¸,ë„ˆë¬´ ì´ì˜ì‹œë„¤ìš”~ :) ðŸ˜ðŸ‘,ðŸ‘ðŸ‘ðŸ‘ðŸ»,ðŸ˜ì™€ìš° â¤ï¸ ì™„ì „ ìŠ¤ë§ˆíŠ¸í•´ì—¬ðŸ‘ðŸ‘ðŸ‘,ðŸ™Œ ë¹„ë¶€í•´ë³´ì„¸ìš”,ìš°ì™€ ì´ê±° ì§„ì§œ ì‹ ê¸°í•˜ë‹¹!!!êµ¬ë§¤ê°ðŸ˜â£ï¸,ëª¸ë§¤ì§±â¤ï¸â¤ï¸,ë¹„ë¶€í•˜ê² ìŠµë‹ˆë‹¹ â¤ï¸â¤ï¸â¤ï¸â¤ï¸ ì˜¤ëŠ˜ë„ì˜ˆë¿ìˆ˜ì—°ë‹˜â¤ï¸
ì²­ìˆœðŸ˜ðŸ‘ðŸ‘,ì›Œë£ŒíŒ… í•˜ê³  ìžˆë‹;),ì´ ì…©ë³µ ë§˜ì— ë“¬â¤ï¸,ì»¤ë¦¬ì‰´ì€ ì‚¬ëž‘ì´ì—ìš”ðŸ˜,ì„¸ìƒì˜ˆì˜ë‹¤ ì¦ë§ðŸ˜,ì¢‹ì€ì •ë³´ë„¤ìš”,ë§ˆìž ã…œ ì§„ì§œ ì–‡ì€ ëª¨ë°œì— í•„ìˆ˜ì–Œ â¤ï¸,â¤ï¸â¤ï¸â¤ï¸â¤ï¸â¤ï¸,ë‘í”¼ê°€ ê±´ê°•í•´ì•¼ íŠ¼íŠ¼í•˜ê³  ê±´ê°•í•œ ëª¨ë°œì´ ìžëž„ ìˆ˜ ìžˆì–´ìš” :)ì»¤ë¦¬ì‰´ê³¼ í•¨ê»˜ ì¼€ì–´í•´ë‚˜ê°€ìš”!ðŸ’–,ì˜ˆë¿ì–¸ëƒ ì›”ìš”íŒ…â¤ï¸,ðŸ‘ðŸ»ðŸ‘ðŸ»ðŸ‘,ì•„ë¦„ë‹¤ìš°ì‹œë„¤ìš”~ :) ðŸ˜ðŸ‘,ìš°ì™€ ì—ì´ì¹˜ë±ìŠ¤ ìˆ˜ì˜ë³µ ë„˜ ì°°ë–¡ì´ì—ìš”ðŸ˜,ì˜ˆë»ë…€..â™¥ï¸,ì •ë§  ì¢‹ì€  ìƒ´í‘¸  ìž„ë‹¤ðŸ‘ðŸ‘
ì™€ ë¬¼ë†€ì´ ì§„ì§œ ê°€ê³ ì‹¶ë„¤ìš” ðŸ˜ðŸ˜ ìž¥ë§ˆëë‚˜ê³  ë ˆì¸ ê³ ðŸ”¥ðŸ”¥,ë¯¹ìŠ¤ ì§„ì§œ ì¢‹ì•„í•˜ëŠ”ë°ðŸ¤­ã…‹ã…‹ã…‹ ì„¤íƒ• ì—†ì´ ì¦ê¸°ëŠ” ë¯¹ìŠ¤ë¼.. ë„˜ ì¢‹ë‹¹ðŸ«¶,ì˜¤ì˜¤ ë¬¼ë†€ì´í•˜ê³  ë¯¹ìŠ¤ì»¤í”¼ ìš”ê³  ëª»ì°¸ì£ ðŸ¤­ðŸ˜†ðŸ¤,ëª¨ë‹ì»¤í”¼ëŠ” ì‚¬ëž‘ì´ì£  !!,ë„ì•„ ì§„ì¨” ìš”ê±° ì§ìž¥ì¸ í•„ìˆ˜í…œ â˜•ï¸â™¥ï¸,ì˜¤ì˜¤ ì´ê±° ë¨¹ì–´ë´ì•¼ê² ì–´ìš”â¤ï¸â¤ï¸,ðŸ’™,ì§„ì§œ ê³„ê³¡ ê°€ì•¼í•  ë‚ ì”¨ë‹¤ìš” ðŸ˜¢â¤ï¸,ë¬´ì„¤íƒ• ì¢‹ì€ë°..?,ì»¤í”¼ëŸ¬ë²„ëŠ” ì†”ê¹ƒðŸ¤—,ì´ì˜ì‹œë„¤ìš”~ :) ðŸ˜ðŸ‘,â¤ï¸â¤ï¸â¤ï¸â¤ï¸â¤ï¸,ë¹¨ë¦¬ ìž¥ë§ˆ ëë‚˜ê³  ê³„ê³¡ ë†€ëŸ¬ê°€ê³ í”„ë„¤ìš” ã…Žã…Žã…Žã…Žã…Ž,ì»¤í”¼ëŠ”í•„ìˆ˜ë¡œâ¤ï¸,
ì„¸ìƒì— ì–¸ë‹ˆì•¼ì•„ì•„ì•„ì•„ (ë§ìž‡ëª»ðŸ«¶ðŸ»),ì§„ì§œ ì–´ë”œê°€ë‚˜ ì™„ë²½í•œ í™”ë³´â¤ï¸ ë„˜ì˜ˆì˜ë‹¤êµ¬ì—¬ðŸ¥¹,ðŸ˜®ðŸ˜ðŸ”¥,ëª¨ë¸ì´ë”ì´ìœê±¸ìš”â¤ï¸â¤ï¸,ì–‘ì–‘ í•«ê±¸ ðŸ”¥ðŸ”¥ ðŸ˜ðŸ˜,ðŸŒŠì–‘ì–‘ ë„ˆë¬´ ì¢‹ì•„ìš”,ê¾¸ì¤€í•¨ì´ ë‹µì´ë‹¤ ì—­ì‹œðŸ˜ðŸ˜,ì™€ ì—¬ê¸°ë„ ìˆ˜ì˜ë³µ ë‚˜ì˜¤ëŠ”êµ¬ë‚˜ðŸ˜,ë„˜ë‚˜ì„¹ì‹œí•´ìš” !!,ì´ë»ìš©!,Hot!,ì™€ìš°...ìŠ¤ì˜ë³µê¹Œì§€â¤ï¸ hdex ì—´ì¼í•˜ë„¤ìš”ðŸ”¥ðŸ”¥ðŸ”¥ë„˜ ë©‹ì ¸ìš”,ì˜¤ìš°~~ðŸ˜ŠðŸ˜ŠðŸ˜Š ì´ë½€ìš” ëˆ„ê°€  ì•„ì´ ì—„ë§ˆë¼  í•˜ê² ì–´ìš”â¤ï¸â¤ï¸,ðŸ˜â¤ï¸ðŸ”¥ðŸ”¥ðŸ”¥,
ëª¸ë§¤ë„ ì˜ˆì˜ê³  ë¯¸ì†Œë„ ì˜ˆë»ìš”ðŸ«§ðŸ–¤,ì¸ì–´ê³¤ë“€ë‹˜ðŸ’ðŸ«¶ðŸ»ðŸ«¶ðŸ»âœ¨âœ¨âœ¨,í’ë©! ë„˜ ì‹œì›í•´ë³´ì—¬ìš”ðŸ’™ðŸ’™,ì„¸ìƒì—ë‚˜ðŸ™‰ ë²Œì¨ í•«ì¸ë¨¸â¤ï¸ ë„ˆë¬´ ì”¨ì›í•´ë³´ì´ìž–ì•„ì˜ðŸ¥°,ì˜¼ã…‹ã…‹ã…‹ìºì–´ë– ì¼€ì°ì€ê±°ì—ìš”?!! ì˜ˆë»ì–´â™¥ï¸â™¥ï¸,ì™€ìš° ë„˜ ì‹œì›í•˜ê² ì–´ìš” ì €ë„ ê°€ê³  ì‹¶ë„¤ìš”ðŸ˜‚ðŸ˜‚ðŸ˜‚ðŸ˜‚ðŸ˜‚,ì™€ ê³„ê³¡ì—ì„œ í™”ë³´ì°ê³ ì˜¤ì…¨ì–´ìš”â¤ï¸â¤ï¸,ìš°ì•„ ì´ë»ìš”â¤ï¸â¤ï¸ìƒì½¤><,ëª¸ë§¤ðŸ‘ ì¦ê±°ìš´ ì£¼ë§ ë³´ë‚´ì„¸ìš”ðŸ˜,ã…‹ã…‹ã…‹ì–¸ë‹ˆë•ë¶„ì— ì§± ì‹œì› ðŸ’™ðŸ’™âœ¨,í¬..ðŸ«¶,ë„ˆë¬´ ì´ì˜ì‹œë„¤ìš”~ :) ðŸ˜ðŸ‘,ë³µê·¼ë¬´ìŠ¨ì¼ì´ì—ìš” ë‹¤ì´ì–´íŠ¸í•˜ê·œì‹¶ì–´ì§€ê²Œ! ê¸€ê·œ ê·€ì—¬ì›€â¤ï¸ížˆížˆ,â¤ï¸â¤ï¸â¤ï¸â¤ï¸â¤ï¸,ì™€ ì—„ì²­ ì‹œì›í•´ë³´ì—¬ìš”
í‘ ì €ìš”ì €ìš” ì†Œí™”ê¸°ëŠ¥ ì™¤ì¼€ ì•½í•œì§€ðŸ¥² ê·¸ì™€ì¤‘ã…‡ã…” ìš¸ì–¸ëƒ” ë„˜ ë§‘ê³ ðŸ¤,ìˆœë°±ì˜ ì—¬ì‹  ë°±ì„œë¦¬ðŸ¤ ì†Œí™”ì œëŠ” í›¼ìŠ¤í‹¸ðŸ¤­ðŸ‘,ì›í”¼ìŠ¤ì´ë»ìš© ì–¸ë‹ˆê°€ ìž…ì–´ì„œ ê·¸ëŸ°ê°€ ìƒ¤ë„¬ ì›í”¼ìŠ¤ ì¸ì¤„!!!ðŸ˜â£ï¸,ðŸ™ŒðŸ»,"ã…‡ã…£ê±° ë¨¹ìœ¼ë©´ ì†Œí™”ê°€ ìž˜ë˜ì–´ì„œ ì–¸ë‹ˆì²˜ëŸ¼ ë°°ê°€ ë“¤ì–´ê°ˆê¹Œ,,",ë‚˜ ì§„ì§œ ì†Œí™”ì œ í•„ìˆ˜ ì¸ë° ì˜¤ì˜¤ ë©”ëª¨ ë©”ëª¨ â¤ï¸,ì–¸ë‹ˆë§Œë³´ì—¬â¤ï¸,ì†Œí™”ì œ ì¢‹ì€ ê±° ì°¾ì•—ëŠ”ë°! ìš”ê¹ƒë‹¤ðŸ¤ í™”ì´íŠ¸ ë£© ë„˜ ì˜ˆë¿Œ ðŸ˜,â¤ï¸â¤ï¸â¤ï¸â¤ï¸â¤ï¸,ì˜†ëª¨ìŠµë„ ì´ì˜ì‹œë„¤ìš”~ :) ðŸ˜ðŸ‘,ã…‡ìˆ˜ê³ í•˜ì…¨ì–´ìš”,ìˆ˜ë¦°ë‹˜ ì˜ˆë»ìš”ðŸ¤ðŸ¤ðŸ™ðŸ™,Hello Beautiful ðŸ˜˜ðŸ˜â¤ï¸,Beautiful girlâ¤ï¸,
ë³´ëžë¹›í–¥ê¸°ðŸ’œ,ì–´ì œëž‘ ì´ë ‡ê²Œ ë‹¤ë¥´ê¸° ìžˆë‚˜ìš”?ðŸ˜‚ã…‹ã…‹ ì‚¬ì§„ ë„˜ ì˜ˆë¿Œë‹¤ ì–¸ë‹ˆì´ðŸ˜,í™”ë³´ ì°ê³  ì˜¤ì…¨ë„¤ì—¬ !!,ìš´ë™ë³µë„ ì˜ˆë»ìš”ðŸ’“ðŸ’“,ì œì£¼ì•¼ ê¸°ë‹¤ë£Œ,ë³´ë¼ë³´ë¼ë„ ì°°ë–¡ðŸ’œ,ìˆ˜ë¦°ë‹˜ì€ ì œì£¼ë„ëž‘ ì •ë§ ìž˜ì–´ìš¸ë¦¬ì‹œëŠ”ê²ƒê°™ì•„ìš”ðŸ’™,ì§„ì§œ í•˜ëŠ˜ ë„˜ì˜ˆâ¤ï¸â¤ï¸,ì–´ë¨¸ë‹ˆê°€ ì‚¬ì§„ê¸ˆì†ì´ì‹œêµ°ìš”ðŸ˜ðŸ‘ðŸ‘ðŸ‘,ì–¸ëƒ ë³´ë¼ë„ ë„˜ ìž˜ì–´ìš¸ë ¤â€¦.ì œì£¼ë„ ë„˜ ì¡°ì¹˜ìš©ðŸ’œ,ì œì£¼ë„ ê°€ê³  ì‹¶ì–´ì§€ëŠ” ì‚¬ì§„ì´ë‹¹ðŸ˜,ì¡´ì˜ˆ ëª¸ë§¤ðŸ˜,ê·¸ëž€ë°ë¼ì¸ ìŠ¤ìœ”ì›¨ì–´ë„ ì˜ˆì˜ë„¤ìš© ðŸ’œìˆ˜ë¦°ë‹˜ì´ ìž…ì–´ì„œì¸ê°€ ðŸ¤”,ì–¸ë‹ˆ ê·¸ëƒ¥ ë°”í”„ì•„ë‹ˆëƒë©°ðŸ‡ðŸ‡,ë„ˆë¬´ ì´ì˜ì‹œë„¤ìš”~ :) ðŸ˜ðŸ‘
ì•„ì¹¨ë¶€í„° ë¹„ê°€ ì˜¤ê³  ë‚ ì”¨ë„ ê¾¸ë¦¬ê¾¸ë¦¬ ã… ã…¡ã…  ì´ëŸ°ë‚ ì€ ë” ì¼í•˜ê¸° ì‹«ì€ë°ë§ì´ì ¸ ðŸ˜‚ðŸ˜‚ ìˆ˜ìš”ì¼ í™”ì´íŒ…ìž…ë‹ˆë‹¹ â¤ï¸,ìš”ì‚¬ì§„ ì™œì¼€ ì²­ìˆœí•˜ì‹œì£µâœ¨â¤ï¸ìˆ˜ìšœë§ˆë¬´ë¦¬ìž˜í•˜ì…”ìš¥â¤ï¸,êº„ ì´ì‚¬ì§„ ë„˜ ëª¨ë¸ê°™ì•„ìš” !!,ë¼ì¸ ì°¸ ì˜ˆì˜ì„¸ìš”ðŸ‘ðŸ‘,ìš´ë™ê³„ì˜ ì „ì§€í˜„â¤ï¸â¤ï¸,ë¹„ì™€ì„œ ê·¼ê°€ë·°ë‹¤ì•„ã… í‡´ê·¼ë„ ì¡°ì‹¬ížˆâ¤ï¸â¤ï¸,ë§‘ì€ë‚  ëŸ¬ë‹ ðŸ’• ì¢‹ì•„í•˜ëŠ”ëŽ…,ìˆ˜ìš”íŒ…ì´ì—ìš”â¤ï¸â¤ï¸â¤ï¸,ì¢‹ì€ ì•„ì¹¨ì´ì—ìš”ðŸ˜â¤ï¸â¤ï¸â¤ï¸,ì•„ì¹¨ë¶€í„° ë¹„ê°€ ë‚´ë¦¬ë„¤ìš”!! í™”ìš”íŒ…í•˜ì„¸ìš”!!,ì „ ì–¸ë‹ˆì˜ ë¯¸ëª¨ì— ìˆ¨ì´ ë§‰í˜€ìš”,ë¹„ì˜¤ëŠ” ë‚  ì¶œê·¼ê¸¸ì€ í—˜ë‚œí•´ì—¬ðŸ˜© ì–¸ë‹ˆ ìˆ˜ìš”íŒ…â£ï¸â£ï¸,ExcellentðŸ‘ðŸ‘,ì•„ë¦„ë‹¤ì›Œìš”ðŸ’“âœ¨,ìˆ˜ë¦°ì´ë‹˜ ì¢‹ì€ ì•„ì¹¨ì´ì—ìš”! ë¹„ ë‚´ë ¤ì„œ ì•„ì¹¨ë¶€í„° ì°¨ë“¤ì´ ë§Žë„¤ìš” ðŸ¥¹ðŸ¥¹
ì´ëŸ´ë•Œ ë” ë“ ë“ í•˜ê²Œ ì±„ì›Œì•¼ì ¸â¤ï¸ ì–¸ë‹ˆ ëª¸ë§¤ëŠ” ì–´ì©œ ë°©ë¶€ì œì£ ?,"ë§ˆí”„ ì˜·ë„ ì˜ˆì˜êµ¬,, ê°„ì‹ë„ ìž¥ë§Œí•´ì•¼ê² ë‹¹ðŸ¤­ðŸ¤©",ì–¸ë‹ˆ ì‚¬ì§„ì„ ë³´ë©° ì˜¤ëŠ˜ ì ì‹¬ì‹œê°„ ìš´ë™ ê±°ë¥¸ ë‚˜ ë°˜ì„±í•©ë‹ˆë‹· ðŸ¥² ã…Žã…Ž,ëª¸ë§¤ê°€ ë” ì´ë»ì§€ì‹  ê²ƒ ê°™ì•„ìš” ìˆ˜ì—°ë‹˜~!ðŸ˜ðŸ”¥,ë§ˆí”„ëŒ€ëž€:),ë„˜ì´ë»ì—¬ã…› !!,ðŸ‘ðŸ‘ðŸ‘ðŸ”¥â¤ï¸,ìš°ì•„ ë³µê·¼â¤ï¸â¤ï¸â¤ï¸â¤ï¸,ìˆ˜ë¦°ì´ë‹˜ ì˜¤ëŠ˜ ì™„ì „ ì‹œì›ì‹œì› ì—¬ë¦„ë£© ðŸŒŠâ¤ï¸,"ì–¸ë‹ˆ ì§„ì§œ ë°©ë¶€ì œ ë¨¹ë‚˜ë´,,~~ðŸ˜",ëŠ˜ ì•„ë¦„ë‹µë‹¤..ðŸ«¶,ì–¸ë‹ˆì˜ ê¾¸ì¤€í•¨ì€ ì •ë§ðŸ‘ðŸ‘ ë©‹ì¨â¤ï¸,ì™€ ì–¸ë‹ˆ ê·¼ìœ¡ ì§„ì§œ ðŸ”¥ðŸ”¥ðŸ”¥,ì´ì˜ì‹œë„¤ìš”~ :) ðŸ˜ðŸ‘,ðŸ˜ðŸ˜ðŸ˜ðŸ˜â¤ï¸â¤ï¸
ì–¸ë‹ˆëž‘ ì´ë ‡ê²Œ í”¼í¬ë‹‰í•˜ë©´ ê·¹ë½ì•„ë‹Œê°€ìš”ðŸ’•,ì• ê¸°ìž¬ìš°ê³  ì–¼ìŒë™ë™ ë§¥ì£¼ ë§›ðŸ’™,ë‘ë²ˆì§¸ ì˜ìƒ ë‚˜ë¹„ê°€ ìˆ‘â¤ï¸ ê½ƒì„ ë³´ê³  ì«“ì•„ì™”ë‚˜ë³´ë‹¤ðŸ¤­ ìš”ê±° ë³´ëƒ‰ë ¥ ì§±ì§±ðŸ‘,ìš°ì•„ ìº í•‘í•„ìˆ˜í…œì´ë„¤ì—¬ ðŸ”¥ðŸ”¥,ì´ìž‰ ë­ì•¼ ì–¼êµ´ì´ ë„ˆë¬´ ìž‘ì•„ì„œ ì›Œí„°ì €ê·¸ê°€ ëª¸í†µë§Œí•˜ìžë‚˜ìœ ðŸ™Œâ¤ï¸,ì„¸ìƒì— ë°¤ì¼ˆì›Œí„°ì €ê·¸ ë„˜ ì´ë»ìš”!ðŸ˜ ì´ë²ˆì£¼ë„ ë¥ì§€ë§Œ í™”ì´íŒ…ì´ì˜ˆìš”~~~ðŸ”¥,ì´ê±° ë„ˆë¬´ ì¢‹ì•„ë³´ì¸ë‹¤ìš” !!!! ã…‹ã…‹ã…‹ã…‹ ë‚¨íŽ¸ì—†ì„ë• ìž¥ë¹„ êº¼ë‚´ê¸° ì‰½ì§€ìºì•„ì—¬ ã…‹ã…‹,ìº í•‘ìž¥ë¹„ë¡œ ì¢‹ì•„ë³´ì—¬ìš” !ðŸ¥°,êº„ í°ë‚˜ë¹„ë§ˆì € ðŸ˜ðŸ˜â£ï¸,êº„ í°ë‚˜ë¹„ë§ˆì € ðŸ˜ðŸ˜â£ï¸,ë°¤ì¼ˆ ì¢‹ìœ¼ë‹¤ì•„ì•„ â¤ï¸,ë‚´ê°€ ë”°ë¼ê°ˆê»„!!ã…‹ã…‹ã…‹ã…‹ã…‹ã…‹ã…‹ã…‹ã…‹,ì•„ë‹ˆ 2lì›Œí„°ì €ê·¸ê°€ ì¼ì¼€ë‚˜ ì»¤ë³´ì´ë‹¤ë‹ˆ â¤ï¸ ì˜¤ì˜¤.. ì–¼ìŒ ì˜¤ëž˜ ê°€ëŠ¥êµ¬ë‚˜.. í•„ìˆ˜ êµ¬ë§¤í…œì´ì•¼ â¤ï¸,ì˜ˆë»ìš”â£ï¸â£ï¸,ë³´ì •ë”°ìœ„ ì• ì´ˆë¶€í„° í•„ìš”í•˜ì§€ ì•Šì•„ìš” ì—¬ì‹ ë‹˜â¤ï¸
ê±´ê°• ì±„ìš¸ ìˆ˜ ìžˆì–´ì„œ ì¢‹ì„ ê±° ê°™ì•„ìš©ðŸ˜ðŸ’—ðŸ’—,êº„ ë¨¹ì–´ë´ì•¼ê² ì–´ìš”â¤ï¸,ìƒì½¤í•´ì—...ðŸŽðŸðŸŠ,ë‚˜ë„ ì¤˜ ì–¸ë‹ ðŸ˜®ðŸ˜,"ì–¸ë‹ˆ,, ë” ì´ë»ì§€ì…¨ë„¤ìš©ðŸ˜ðŸ˜ ë°©ë¶€ì œë¯¸ëª¨..!!!",ã…‡ã…”ë¹„ì”¨ì£¼ìŠ¤ ì¡°ì•„ìš” ì–¸ë‹ˆ ì¡°ì•„ìš”â¤ï¸,ë„˜ì—¬ì‹ â¤ï¸â¤ï¸â¤ï¸â¤ï¸,í´ë Œì¦ˆì£¼ìŠ¤ ì¢‹ì•„ìš” ðŸ«¶,Abcì¥¬ìŠ¤ ëŠ ë§ˆì‹¯ì£ ì˜¤â¤ï¸â¤ï¸,ì´ë¿Œì…”..â¤ï¸,ðŸŽðŸ¥•,ë‚˜ë„ìš” ë°±ì„¤ì´ê°€ ì¡°ì•„ìš” â¤ï¸,ðŸ‘ðŸ‘ðŸ‘ðŸ˜ðŸ˜ðŸ˜,â¤ï¸â¤ï¸â¤ï¸â¤ï¸â¤ï¸,ì˜¤ëŠ˜ë„ ì˜ˆë»ìš”ðŸ’œðŸ¤
ëª¸ë§¤ì—¬ì‹ ðŸŒ¿ðŸ˜˜ì˜¤ëŠ˜ë„ ì˜ˆë»ìš”,êº„ ë„˜ì”¬ë‚˜ë³´ì—¬ìš”ðŸ˜†ðŸ¤£ðŸ¤£ðŸ«¶ðŸ»,ë‚˜ë„ í˜¸ì¹´ ê¶ê¸ˆí•˜ë‹¤ì•„ðŸ˜,ì–´ë¨¸ ì´ë»ë¼â˜ºï¸ ë¯¸ìŠ¤ì½”ë¦¬ì•„ì˜ˆìš”,ì™€ í˜¸ì¹´íŒì—… ë„ˆë¬´ ìž¬ë°Œì–´ë³´ì—¬ìš©ðŸ˜,ì‹œê°„ê°€ëŠ”ì¤„ ëª°ëžë„¤ðŸ˜,í˜¸ì¹´ ê¶ê¸ˆí•˜ë„¤ìš©â¤ï¸â¤ï¸,í˜¸ì¹´íŒì—…ì¢‹ì•„ìš”â¤ï¸,ìš°ì™€ ë„ˆë¬´ ì¢‹ì€ ì·¨ì§€ë„¤ìš”!!,ìš¸ì—‰ë‹ˆ ì í”„ìƒ·ë„ ì¡¸ê·€ì—ìš”â¤ï¸,ìˆ˜ì—° ì´í–‰ì‹œê°€ ìƒê°ë‚˜ë„¤ðŸ˜‚,ì²­ìˆœì—¬ì‹ â¤ï¸â¤ï¸,ë¬´ë™ë ¥ íŠ¸ë ˆë°€ì—ì„œ ì´ëŸ° ë°ì€í‘œì •ì´ ê°€ëŠ¥í•˜ë‹¤ë‹ˆìš”ðŸ˜,Beautiful â¤ï¸,í¬ ì–¸ë‹ˆ ì œëŒ€ë¡œ ì¦ê¸°ê³  ì™“ë„¤ìš¤â¤ï¸
í˜¸ì¹´ ì‹ ë°œ ë„ˆë¬´ íŽ¸í•˜ì£ ðŸ˜ðŸ˜,ì˜¤ íŠ¸ëž¨í”Œë¦° ì™¤ì¼€ ìž˜íƒ€ìš” ì• ê¸° ê°™ì•„ìš” ðŸ¤£ðŸ˜ðŸ˜â¤ï¸â¤ï¸,ì¦ê¸°ì‹œëŠ”ê²Œ ë³´ì—¬ìš¬ã…‹ã…‹ã…‹ê¸°ì—¬ìš°ì…”ìš”,ë„˜ê·€ì—¬ìš°ì‹ ê³ ì•„ë‹Œê°€ìš©â¤ï¸â¤ï¸,ë…¸ëž˜ì™œì•ˆë‚˜ì˜¤ëŠ”ê±°â€¦,ðŸ‘ðŸ‘ðŸ‘ðŸ˜ðŸ˜ðŸ˜,ë„ˆë¬´ ì´ì˜ì‹œë„¤ìš”~ :) ðŸ˜ðŸ‘,ì–¸ë‹ˆ ì—¬ë¦¬ì—¬ë¦¬ ì—¬ì‹  ~~ë°”ëžŒã…‡ã…” ë‚ ì•„ê°ˆê±° ê°™ì•„ìš¬ðŸ˜,ì˜ˆìœëª¨ìŠµ ì‹¤ë¬¼ë¡œë´ì°Œ...ðŸ˜,ðŸ˜ðŸ¥°,ìš°ì™€ ì´ë»ìš” ã…Žã…Ž,ìˆ˜ë¦°ë‹˜ ì˜ˆë»ìš”ðŸ’™ðŸ’™ðŸ™ðŸ™,â¤ï¸,Your energy is Amazing ðŸ‘ âœ¨ï¸,Iâ€™m in LðŸ˜ve. ðŸ™ŒðŸ©µðŸ¤ðŸ©µðŸ™Œ
ê¿€ìž¼ í—¬ìŠ¤ì‡¼ :D ìˆ˜ë¦°ì´ë‹˜ ì € í•œì°¸ í´í•í•  ë•Œ ì˜¤ì…¨êµ¬ë‚°ã…‹ã…‹ã…‹ã…‹ ì € ë„¤ì»·ë¶€ìŠ¤ ìš”ê±° ì°ê³  ì‹¶ì—ˆëŠ”ë° ë§ˆê°ë˜ê°€ì§€êµ¬ ë„˜ ìŠ¬íŽì–´ìš” í‘í‘,ì§„ì§œëª¸ë§¤ë§Œë³´ì—¬ìš”ðŸ”¥,ì–¸ë‹ˆëŠ” ì˜¤ëŠ˜ë„ ìƒí¼í•˜ë‹ˆ ì´ë» ã…‹ã…‹,ê±°ë¦¬ë§Œ ê°€ê¹Œìš°ë©´ ê°ˆí…ë° ë„˜ë‚˜ë‘ ì•„ì‰½ ã…œðŸ˜¢,ê¿€ìž¼~ í—¬ìŠ¤ì‡¼,ëª¨ì•¼ëª¨ì•¼ ë§ˆì§€ë§‰ â¤ï¸â¤ï¸,ìš°ì™• ã…  ì„œìš¸ì€ ì´ëŸ° í–‰ì‚¬ê°€ ë§Žì•„ì„œ ë¶€ëŸ¬ì›Œìš©ðŸ˜‚ðŸ˜‚,ì˜¤ ì„œìš¸í—¬ìŠ¤ì‡¼ë¼ë‹ˆ ã…Žã…Ž ê°€ê³ ì‹¶ë‹¤â¤ï¸â¤ï¸,ì²­ìˆœì—¬ì‹ â¤ï¸â¤ï¸,êº„ ì»¤í”Œ ìƒì˜â¤ï¸ì–¸ë‹ˆ ë„˜ ì˜ˆë¿Œë‹¤ìš”ðŸ«¶ðŸ»,ðŸ‘ðŸ‘ðŸ‘ðŸ˜ðŸ˜ðŸ˜,ìš°ì˜¤ã…ì§„ì§œ ìž¬ë°Œì—ˆì„ê±° ê°™ì•„ìš”â¤ï¸ ê·¼ë° ì–¸ë‹ˆëŠ” ë°–ì— ë‹¤ë…€ë„ ì™œì¼€ í•˜ì–—ì£ ?? ì—¬ì‹ ì¸ê°€ìš”ðŸ˜,ì´ë¿ ì–¸ë‹ˆ ë³´ëŸ¬ ê°€ë©´ ë˜ë‚­â¤ï¸,ê°™ì´ ê°€êµ¬ ì‹¶ë‹¤ì•„ì•„ â¤ï¸,íƒ‘ ê°–ê³ ì‹¶ë‹¤â¤ï¸
ì˜¤ ì§„ì§œ ê¿€ìž ìžì„¸ðŸ¤ðŸ’™ì…˜ì–¸ë‹ˆ ì…˜í•´ìš©??â˜º,ìš°ì•„ ê°€ë³´ê³ ì‹¶ë„¤ì—¬ðŸ”¥ðŸ”¥,ìž ìžëŠ” ìˆ²ì†ì˜ ê³µì£¼ê°€ ë”°ë¡œ ì—†ë‹¹ ðŸ˜ðŸ˜,ì§„ì§œ ëˆ„ì›ŒìžˆëŠ”ì§€ ì•Œì•˜ì•„ìš”ðŸ˜ðŸ˜,ì•„ë‹ˆ!! ìˆ˜ë¦°ë‹˜ ì˜¤ëŠ˜ ì˜¤ì…¨ë‚˜ìš”?! ðŸ”¥,ì•„ë‹ˆ ìš°ë¦¬ ì™œ ëª»ë´¤ì–´ìš”ì˜¤ ðŸ¥¹ðŸ¥¹â™¥ï¸,ã…‹ã…‹ã…‹ã…‹ì–¸ë‹ˆ ì™œì¼€ ê·€ì—¬ì›Œì–´ðŸ˜,ìžëŠ” ëª¨ìŠµ ì´ë¦¬ ì´ë»ë„ ë˜ë‚˜íš¨ â¤ï¸,ê¿€ìž ì¤‘ ã…‹,ì˜†ëª¨ìŠµë„ ì´ì˜ì‹œë„¤ìš”~ :) ðŸ˜ðŸ‘,Hermosa saludos,"ì™€,, ìˆ˜ë¦°ë‹˜ ì§„ì§œ ê´‘ê³  ëª¨ë¸ì¸ì¤„ ã… ã… ã…  ðŸ©µðŸ©µðŸ©µ",ìˆ˜ë¦°ë‹˜ ì •ë§ ë§Žì´ ì˜ˆë»ìš”ðŸ¤ðŸ¤ðŸ™ðŸ™,ðŸ˜˜ðŸ˜â¤ï¸,ðŸ˜ðŸ˜ðŸ˜
ìš°ì•„ë§Žì´ëŠì…¨ëŠ”ë°ìš”â¤ï¸,ì™€ ìš´ë™ì‹ ê²½ë„ ì—„ì²­ ì¢‹ìœ¼ì‹ ê°€ë´ìš”â¤ï¸â¤ï¸,ê³¨ìƒì•„ê¸°ë¡..,ðŸ‘ðŸ‘ê±´í–‰í•˜ì„¸ìš” ðŸ‘ðŸ‘,ì–¸ë‹ˆê°€ í•˜ë©´ ê·¸ì € ë‹¤ ì˜ˆë»ë³´ì´ëŠ”..ðŸ¥¹,ìˆ˜ì—¬ë‹ˆ ìž˜ì¹œë‹¤ì•„ðŸ‘ðŸ˜,ë§Žì´ ëŠì…¨ë„¤ìš”!! êµ¿ìƒ·ðŸ‘ðŸ‘,â¤ï¸â¤ï¸â¤ï¸,ðŸ˜ðŸ˜†ðŸ˜ŠðŸ˜‰ðŸ‘,ë‚˜ë‘ í•´ì•¼í•˜ëŠ”ë°ðŸ˜¢ ê°™ì´ê°€ìš” ì—‰ì—‰,ê³„ì† ë°œì „ì¤‘ì´ì‹ â¤ï¸â¤ï¸,ì‘ì•  â¤ï¸ ì´ë»ì´ë»,ë‚˜ì´ìŠ¤ ìƒ· ðŸŒðŸ‘ðŸ‘ðŸ‘,ìˆ˜ë¦°ë‹˜ ê³¨í”„ ìž˜ ì¹˜ì‹œëŠ” ê±° ì˜ˆë»ìš”ðŸ–¤ðŸ–¤ðŸ™ðŸ™,êµ¿ìƒ·ðŸ‘ðŸ‘ðŸ‘ðŸ‘ðŸ‘
ë‹¬ë¦´ë•Œ ì°í˜€ë„ ì¼ì¼€ ì˜ˆì˜ë‹¤ë‹ðŸ¤,ìš´ë™ ì‚¬ìž ë„˜ ë¨¸ì°Œë„¤ìš©ðŸ‘ðŸ‘ ëŒ€ë‹¨í•˜ì‹­ë‹ˆë‹¹ðŸ‘ðŸ‘,ì½”ë””ì´ë»ìš” !!,êº„ ìžì—°ìŠ¤ëŸ¬ìš´ ìƒ·ì´ ì´ë ‡ê²Œ ì˜ˆì˜ë‹¤ë‡¨ðŸ˜,ì˜ˆë»ìš”âœ¨ðŸ«¶ðŸ»ðŸ«¶ðŸ»,ë‚œ 3ë²ˆì§¸ ì‚¬ì§„ì´ ë„˜ë‚˜ ì˜ˆì˜ë„¹ã…‹ã…‹ã…‹ë›¸ë•Œë„ ì²­ìˆœí•´~~~~,ì‚´ì•„ìžˆëŠ” ì—¬ì‹  ê·¸ ìž¡ì±„..â™¥ï¸,ìš”ê±° íƒ‘ ë„ˆë¬´ ì˜ˆë½€ìš” ìˆ˜ì—°ë‹˜ì´ëž‘ ì°°ë–¡ì“´..â¤ï¸,ì–¸ë‹ˆ ì´ê±° ì™„ì „ CFí™”ë³´ê°™ì•„ìš©â¤ï¸,Hot!,ìˆ˜ë¦°ì´ë‹˜ ê±´ê°•í•œ ë¼ì´í”„ ìŠ¤íƒ€ì¼ ë„ˆ-ë¬´ ì¢‹ì€ ê±° ìžˆì£  í—¤í—¤ ðŸ¥°â™¥ï¸ ë‚ ì€ íë¦¬ì§€ë§Œ ì¦ê±°ìš´ í•œì£¼ ë˜ì…”ìš” âœ¨,ê±´ê°•ë¯¸ ë„ˆë¬´ ì¢‹ì•„ìš”â¤ï¸í™”ì´íŒ…ì´ì—ìš”ðŸ™Œ,ì˜·ë„ ì–¸ë‹ˆë„ ìƒí¼í•´ ã…‹,ì§„ì§œ í™”ë³´ë‹¤ í™”ë³´ðŸ˜â¤ï¸,ì²­ìˆœì—¬ì‹ â¤ï¸â¤ï¸â¤ï¸
ìš°ì¤‘ìº ë„ì¢‹ì•„ìš”â¤ï¸â¤ï¸,ì–¸ë‹ˆ ìº í•‘í•˜ëŠ”ë° ë°°ê°€ ì–´ì©œ ì´ëž˜..?ì‹ ê¸°í–‰..,ë¹„ ì˜¤ëŠ” ë‚ ì— ê³ ê¸°ê³ ê¸°ë¼ë‹ˆ ã…œã…œã…œ ì§„ì§œ ë³´ê¸°ë§Œ í•´ë‘ í–‰ë³µí•˜ìž–ì•„ìš” ðŸ¤­â™¥ï¸ ì¦ê±°ìš´ ìº í•‘ì‹œê°„ ë˜ì„¸ìš” âœ¨,ì™œ ì´ê±° ë¨¹ê³  ë‚ ì”¬í•´??,ðŸ‘ðŸ‘ðŸ‘ðŸ‘ðŸ˜ðŸ˜ðŸ˜ðŸ˜,ë„ˆë¬´ ì´ì˜ì‹œë„¤ìš”~ :) ðŸ˜ðŸ‘,ë§›ìž‡ëŠ”ê±°ë‹¤ë¨¹ê³ ë„ ë‚ ì”¬í•œ ìˆ˜ì—°ë‹˜â¤ï¸,â¤ï¸â¤ï¸â¤ï¸â¤ï¸â¤ï¸,ðŸ«¶ðŸ»ì¦ì£¼,ðŸ‘ðŸŠðŸŠðŸŠ,ðŸ¥°ðŸ¥°ðŸ¥°ðŸ’ðŸ’ðŸ’ðŸ‘ðŸ‘ðŸ‘ë©‹ì§€ë„¤ìš”,You look great! â¤ï¸,Hermosa saludos,ìˆ˜ë¦°ë‹˜ ì˜ˆë»ìš”ðŸ¤ðŸ¤ðŸ™ðŸ™,ë„ˆë¬´ í•´ë³´ê³  ì‹¶êµ°ìš”â¤ï¸ðŸ‘ðŸ‘ðŸ‘
êµ¬ëƒ¥ ìš¸ ì–¸ëƒ ëª¨ë¸í•˜ë©´ ì•ˆë ê¹ŒðŸ¤ðŸ¤ðŸ¤,ì½”ë”” ë„˜ ì°°ë–¡ ì´ë»ìš”â¤ï¸â¤ï¸â¤ï¸,ì–´ì©œ ì´ë¦¬ ìž˜ ì–´ìš¸ë¦¬ëŠ¥ì§€ðŸ˜ ì˜ˆì˜ë‹¨ë§ë„ ìž…ì•„í”Œì •ë„ã…‹ã…‹,ìš°ì˜¤ã… ìŠ¤ìœ”ìŠˆíŠ¸ ì•„ë‹ˆêµ¬ ì›í”¼ìŠ¤ ê°™ì´ìš”ðŸ˜®,ë„ì—¥ ì–¸ë‹ˆëž‘ ë„˜ ìž˜ì–´ìœ¨ë¦¬ë„¹â¤ï¸,ì—¬ê¸° ì—¬ì„±ìŠ¤ëŸ½ë‹¤ ì™„ì „,ðŸ’•,ì–´ìš°...ë°œë ˆí•˜ëŠ” ì–¸ë‹ˆ ë ˆíŽ˜ë¥´ ìž…ìœ¼ë‹ˆ ë” ì²­ìˆœí•˜ë„¤â¤ï¸,ë°œë ˆë¦¬ë‚˜ê°™ì€ ìˆ˜ì—°ì–¸ë‹ˆâ™¥ï¸,ì´ì˜ì‹œë„¤ìš”~ :) ðŸ˜ðŸ‘,ë ˆíŽ˜ë¥´ë„ ì–¸ë‹ˆë„ ë„ˆë¬´ ì˜ˆë»â¤ï¸,ìš¸ ë°±ì„¤ì´ê°€ ë„˜ ì´ì˜ë‹¤ â¤ï¸,ì™€ ì¢‹ì€ë¸Œëžœë“œë„¤ìš” ì—¬ì„±ë¶„ë“¤ì—ê²Œìš”,ì—¬ì„±ìŠ¤ëŸ¬ì›Œìš”â¤ï¸â¤ï¸í•­ìƒì—¬ì‹ ðŸ˜,You look fantastic â¤ï¸
ìš°ì™• ì´ì˜ë‹¹ ã…Žã…Žê°™ì´ ìº í•‘ ê°€ê³ í”„ë„¤â¤ï¸,ì–¸ë‹ˆê°€ ë” ì˜ˆì˜ê±°ë©ì—¬â¤ï¸,ìž¥ë¹„ë³´ë‹¤ ì–¸ë‹ˆì—ê²Œ ë” ëˆˆê¸¸ì´â¤ï¸,ë³¼ìˆ˜ë¡ ì˜ˆì˜ë„¤â€¦ì–¸ë‹ˆê°€ìš”ðŸ¥°,ë¯¸ë‹ˆë©€ì›ìŠ¤ ëŒ• ì¢‹ìžë‚˜..,Hot!,ì–¸ë‹ˆê°€ ë” ì˜ˆë» â¤ï¸,ê°œë¯¸í—ˆë¦¬ðŸ–¤ðŸ«§ðŸ«§,ì´ì˜ì‹œë„¤ìš”~ :) ðŸ˜ðŸ‘,ðŸŒ±,ìš¸ ë°±ì„¤ì´ê°€ ì´ì˜ì§€ â¤ï¸,ì–¸ë‹ˆê°€ ì ¤ë£¨ ì˜ˆë¿Œë‹¤â¤ï¸,ìš°ì™• ê°™ì´ ìº í•‘ê°€ê³ ì‹¶ë‹¤ìš©ðŸ˜,ã¨ã¦ã‚‚ç´ æ•µã§ã™ã­â¤,ì™€....ì§„ì§œ ì—¬ì‹ ì–¸ë‹ˆ ë³µê·¼ðŸ‘ðŸ‘ì–¸ì œë‚˜ ì›Œë„ˆë¹„ ëª¸ë§¤ì—ì—¬ðŸ˜ðŸ˜
ë‚˜ë„ ì—‰ë‹ˆëž‘ í•´ì„œ ë”ì–´ í–‰ë³µí•´ë”°ìš”â™¥ï¸ êº… êº…!!!,ë„ˆë¬´ ì˜ˆìœ íˆ¬ìƒ·ì´ì—ìš©ðŸ˜ðŸ˜,ì—¬ê¸° ê³¨í”„ìž¥ ë¯¸ë…€ë“¤ì™€ì„œ í™˜í•´ì¡Œê² ì–´ìš” ðŸ˜šðŸ˜šâ£ï¸â£ï¸ ì—¬ì‹ ìš”ì •ì¡°í•© ðŸ’•ðŸ’•,ðŸ‘ðŸ‘ðŸ‘,í¬ðŸ™Œìž˜í•œë‹¤ ìž˜í•­ë‹¤ðŸ˜‚,ìº¬ ì–¸ë‹ˆ ë‚˜ë„ ê³¨í”„ ë°°ì›Œì•¼ê²Œë– ìš”â¤ï¸,ê³¨í”„ì—¬ì‹ ë“¤ðŸ©·ðŸ©·ë¶€ëŸ½ë‹¤ì•™ðŸ˜ðŸ˜â£ï¸,ì´ê±° ë”¸ê¸°ìš°ìœ ë£© ì§„ì¨”ì°°ë–¡...â¤ï¸â¤ï¸ê³µì£¼ëƒêµ¬ìš©â¤ï¸,ë‘ë¶„ ëª¨ë‘ ì´ì˜ì‹œë„¤ìš”~ :) ðŸ˜ðŸ‘,ì–¸ë‹ˆ ë„ˆë¬´ ì˜ˆë¿Œë‹¹....ðŸ’˜ìƒí¼ ê·¸ìžì²´,ë‘ë¶„ ë‹¤ ë³´ê¸° ì¢‹ê³  ì˜ˆë»ìš”ðŸ’–ðŸ’–ðŸŽ€ðŸŽ€ðŸ™ðŸ™,ðŸ‘ðŸ¼ðŸ‘ðŸ¼ðŸ‘ðŸ¼,Beautiful girls have fun a great day for you,DM ME PLEASE ðŸ“¬ I have a question ðŸ™‹,ðŸŒ±ê³¨ìƒì•„
ìº¬ ë„˜ëª¨ ì˜ˆì˜ ì œê°€ ì¢‹ì•„í•˜ëŠ” ìƒ‰ê°ì— ë¶„ìœ„ê¸°ðŸ’šðŸ¤ðŸ’š,ì˜¤ ë”í˜„ëŒ€ ìžì£¼ê°€ëŠ”ë° ì£¼ë§ì— ê°€ë´ì•¼ê² ì–´ìš”! ì‰‰ë³µ ë„˜ ì˜ˆë¿Œ..ðŸ¥¹,ì™„ì „íŽ¸í•´ë³´ì—¬ìš”!,â¤ï¸â¤ï¸â¤ï¸â¤ï¸â¤ï¸ðŸ”¥ðŸ”¥ ì¦ê±°ìš´ í•˜ë£¨ ê±´í–‰ ðŸ™ŒðŸ”¥ðŸ™ŒíŒŒì´íŒ…ìž…ë‹ˆë‹¤,ì˜¤ ì™„ì „ ì‹ ì¶•ì„± ìž¥ë‚œì•„ë‹Œê±° ê°™ì•„ìš©ðŸ˜,ðŸ«¶ðŸ»ë ˆíŽ˜ë¥´íŒì—…ìŠ¤í† ì–´ ê°€ì•¼ë””,ì–¸ë‹ˆê°€ ìž…ìœ¼ë‹ˆê¹Œ íŒŒí‹°ë£©ì´ë‹¤ì•„..â¤ï¸,ì•„ ì²­ìˆœí•´ ðŸ¥¹â£ï¸â£ï¸â£ï¸,ì™› ìˆ˜ì˜ë³µì´ë¼ë‹ˆ!! â¤ï¸ ë„ˆë¬´ ì´ë½€ìš”â¤ï¸,ì´ëŸ° ìˆ˜ì˜ë³µ ë¶€ë‹´ì—†ê³  ë„˜ì¡°ìœ¼ë‹¤â¤ï¸,í¬ ë„˜ëª¨ ì˜ˆë»ì—¬,ë­˜ìž…ì–´ë‘ ì´ë ‡ê²Œ ì°°ë–¡ì½©ë–¡ì´ë¼ë‰´ðŸ˜,ì˜¤ì™€ ë„˜íŽ¸í• ê±°ê°™ì€ë°ìš”?!?!? ì´ìœì‚¬ëžŒì´ìž…ìœ¼ë‹ˆê¹Œ ë”ì‚¬ê³ ì‹¶ì›€..â¤ï¸,ì—¬ì‹ â™¥ï¸,ë„ˆë¬´ ì´ì˜ì‹œë„¤ìš”~ :) ðŸ˜ðŸ‘
ê°€ìŠ´ ë•€ì°¸ ë°°ë ¤í•œê±° ðŸ‘ðŸ½ ì˜íŠ¹í•œ ì œí’ˆ!! ðŸ–¤ðŸ–¤,ë‹¤ì‹œì˜¬ë ¤ì—¬â€”,ê¹”ë”í•´ì„œ ì—¬ë¦„ì— ì¼ìƒë³µì— ë§¤ì¹˜í•´ë„ ì˜ˆì˜ê² ì–´ìš§ðŸ«¶ðŸ–¤,íëª¨ëª¨ ì œí’ˆ ë‹¤ ì¢‹ì•„ìš©ðŸ˜ðŸ˜,ìž…ê³ ë²—ê¸° íŽ¸í•œê²Œ ì§±ì´ì£ â¤ï¸â¤ï¸,ë­˜ ìž…ì–´ë„ ì°°ë–¡â¤ï¸,ã…‡ ì•„â¤ï¸â¤ï¸ì´ë»ìš”!!!,ìš´ë™ ì†Œí†µí•´ìš”ðŸ˜ðŸ˜,ìˆ˜ê³ ë§Žìœ¼ì…¨ì–´ìš” ã…Žã…Ž,íì–µ .. ê¸€ì¿¤ ì˜¬ë§Œì— ìš´ë™í•˜ë©´ ë” ê·¸ëŸ°ê°€ë´ ì„¹ì‹œí•´ â¤ï¸,ì´ì˜ì‹œë„¤ìš”~ :) ðŸ˜ðŸ‘,ðŸ‘ðŸ‘ðŸ‘ðŸ˜ðŸ˜ðŸ˜,ðŸ‘ðŸ˜®ðŸ˜,"ì–¸ë‹ˆ ì–´ê¹¨ë¼ì¸ê¹Œì§€ë¯¸íˆë– ì—¬,,ðŸ˜",ã…‡í™”ì´íŒ…
ì•„ ì •ë§ ì‹¬ë©Ž.....ðŸ« â¤ðŸ§¡ðŸ’›ì‚¬ëž‘í•´ìš” ì§„ì§œ,ëª¸ë§¤ ë„ˆë¬´ ì¢‹ìžë‚˜ìš”ðŸ˜ðŸ˜,ê·€ì—¬ì›Œìš”â¤ï¸â¤ï¸,ì¹œí•œ ê°€ì¡±ë¼ë¦¬ ìº í•‘ê°€ë©´ ì§„ì§œ ìž¬ë°‹ê²Ÿì–´ìš”â¤ï¸,ðŸ•ï¸ðŸŒ±ìº í¬ë‹‰ ê°™ì´í•˜ìž ë°‹í•,ì²œêµ­ì¸ê°€ìš”â€¦â™¥ï¸,ì´ë¦„ì´ ë„ˆë¬´ ë§˜ì•  ë“œëŠ” ìº í•‘ìž¥ì´ë„¤ìš”ðŸ˜ðŸ˜,í— ì´ ì½œë¼ë³´ë¼ë‹ˆ ã…‹ã…‹,ë„ˆë¬´ ë°˜ê°‘êµ¬ í–‰ë³µí–ˆë‹¤ê·œ â¤ï¸ ì—„ë§ˆë£© ì†ì— ìˆ¨ê²¨ì§„ í•«í•œì–¸ë‹ˆ ðŸ’š #ë¯¿ê³ ê°€ëŠ”ìˆ˜ë¦°ìº  ë˜ë³´ìžìš” ðŸ¥¹â£ï¸,ðŸ˜ðŸ˜†ðŸ˜ŠðŸ˜‰ðŸ‘,êº„ì•™êº„ì•™~~~ ì•„ì´ë“¤ì´ ë„ˆë¬´ë„ˆë¬´ ì¢‹ì•„í–ˆê² ì–´ìš”~~ ê³„ê³¡ ì˜ˆìˆ ì´ë„¤ìš”ðŸ¤©ðŸ¤©ðŸ¤©,ë„˜ ì˜ˆìœ íˆ¬ìƒ·â¤ï¸â¤ï¸,ã…‡ã…•ê¸° ê³„ê³¡ ë„˜ ì´ì˜ë‹¤ì•™ðŸ©·,ìº í¬ë‹‰ ì¢‹ì§€ â¤ï¸,ìš°ì•™ ê°€ì¡±ìƒ· í›ˆí›ˆí•´ìš” ðŸ˜
ì˜¤ë§› ì˜¨ëƒ ì˜ìƒë„ ìžì£¼ì˜¬ë ¤ì£¼ë¼ê·¸ðŸ«¶ðŸ»â˜ºì„¤ë Œë‹¹,ìžê·¹ë°›ê³  ê°€ì—¬ ~~~â¤ï¸,ìˆ˜ë¦°ì´ë‹˜ ë„¤ì´ë¹„ ì»¬ëŸ¬ ì°°ë–¡ì´ì—ìš© ðŸ˜˜â™¥ï¸,ðŸ˜ðŸ”¥ðŸ‘ðŸ‘ðŸ‘,ë§ˆí”„ëŒ€ëž€,ë§ˆí”„ ë„˜ ê¶ê¸ˆí•˜ë„¤ìš”ðŸ˜,ì´ì˜· ì´ìœë°..?,í‘í‘ ì˜¤ëŠ˜ë„ ìžê·¹ë§Œ ë°›ê³ ê°‘ë‹ˆë‹¤..,ì €ìž¥â¤ï¸,ì´ì˜ì‹œë„¤ìš”~ :) ðŸ˜ðŸ‘,â¤ï¸â¤ï¸â¤ï¸â¤ï¸â¤ï¸,ìš´ë™ì†Œí†µí•´ìš”ðŸ™Œ,Hermosa saludos,What the last guy said.,ìˆ˜ë¦°ë‹˜ ë„ˆë¬´ë‚˜ ì˜ˆë»ìš”ðŸ–¤ðŸ–¤ðŸ’™ðŸ’™ðŸ™ðŸ™
êº… ì €ë„ ì´ê±° ì¢‹ì•„í•´ìš©ðŸ˜†ðŸ˜,ìš”ëŸ°ê±´ ë§Žì´ ë¨¹ì–´ë„ ë˜ëŠ”ê±°ì ¸~?ðŸ¤­ðŸ¤­,ì´ì—¬ë¦„ ë§¥ì£¼ëž‘ ë”±ì¼ë“¯ ðŸ˜ðŸ’™,ìš°ì•„ ë§›ë‚˜ê² ë”°>_<â¤ï¸,ë Œí‹¸ì¹©ì´ë¼ë‹ˆ ðŸ˜ ëª»ì°¸ì§€,ì´ê±° ë¨¹ìœ¼ë©´ ì–¸ë‹ˆëŸ¬ëŸ¼ ì˜ˆë»ì§€ë‚˜ìš¤,ë§›ìžˆì„ ê±° ê°™ì•„ìš”ðŸ–¤ðŸ§¡,ìš°ì™€ðŸ’•,ë‹¨ë°±ì§ˆ ê³¼ìž ë„˜ ì¢‹ë„¤ìš©ðŸ‘ ì €ë„ ë¨¹ì–´ë´ì•¼ ê² ì–´ìš©ðŸ˜,ì´ê±° ë„ˆë®¤ ë§ˆì‹œë˜ â¤ï¸â¤ï¸,ì € ì—¬ê¸° ì‹œë¦¬ì¦ˆ ë„˜ ì¢‹ì•„í•´ì—¬ ðŸ˜„â™¥ï¸ ì§±ì§±ë§› âœ¨,ì œ ìµœì•  ê³¼ìžì¸ë°â¤ï¸ ë§ˆë‹ˆë¨¹ì–´ì•¼ë””ì´ìž‰ã…‹ã…‹ã…‹,ìº í•‘ìž¥ ë°±ì„¤ì´ì¡°ì•™ â¤ï¸,ë‹¨ë°±ì§ˆ11ì´ë‚˜ ë˜ë‹¤ë‹ˆâ¤ï¸â¤ï¸,ì´ì˜ì‹œë„¤ìš”~ :) ðŸ˜ðŸ‘
ì˜¤ëŠ˜ë„ ë¨¹ë°© ðŸ¥°,ì™€ë§›ìž‡ì–´ë³´ì•¼ì—¬ â¤ï¸,ë©”ë‰´ ì„ íƒ ë„ˆë¬´ ì¢‹ë„¤ìš”!!ðŸ‘ðŸ»ðŸ‘ðŸ»ðŸ‘ðŸ»,ì–¸ë‹ˆ ë¯¸ì†Œì— ì˜¤ëŠ˜ë„ ë°˜í•´ì•ˆë°˜í•´ðŸ«¶ðŸ»ðŸ˜ŒðŸ¤,ì£¼ë§ì—” ë¨¹ë°©í•˜ë©° ížë§í•˜ëŠ” ê±°ì£µðŸ˜,ì™œ ë‚˜ ê¼¬ì…”ìš” ? ðŸ˜šðŸ˜š,ì˜¤ã…Žã…Ž ì•„ë“œë²¡ ê¼¬ë¦¬ë¸Œë ˆì¹¸,ë„ˆë¬´ ì´ë»ðŸ’“â¤ï¸â¤ï¸â¤ï¸â¤ï¸,ì˜¤ í¬ì²œì€ ë‘ì‹œê°„! ë©”ëª¨ ã…‹ã…‹ã…‹ã…‹ã…‹â—¡Ìˆ â¤ï¸,ìº í•‘ë©”ë‰´ ì†Œê¼¬ë¦¬ì°œìˆ˜ìœ¡ì´ë¼ë‹ˆðŸ¥¹â¤ï¸â¤ï¸,ì™€ ì‚¬ì§„ ë„ˆë¬´ ì˜ˆë»â¤ï¸,ã…‡í™”ì´íŒ…,ì´ì˜ì‹œë„¤ìš”~ :) ðŸ˜ðŸ‘,æ—¥æœ¬ã§è¨€ã†ã—ã‚ƒã¶ã—ã‚ƒã¶ã§ã™ã‹ï¼Ÿã²ã¨ã‚Šã§è´…æ²¢ã€‚ðŸ˜ðŸ¤¤,ìˆ˜ë¦°ë‹˜ ìº í•‘ì‚¬ì§„ë§Œë³´ë©´ ìº í•‘ ë„˜ ê°€ë³´ê³ ì‹¶ì–´ì§„ë‹¤ëŠ”ðŸ’•ðŸ’•
ëª¸ë§¤ ëŠë¯€ ì™„ë²½ ã…œã…œ ì–¸ë‹ˆ ë³´ë©´ ìš´ë™ ë½ë¿Œ ì™€ìš”ã… ã… â™¥ï¸,ê¿€ì£¼ë§ë³´ë‚´ìžêµ¬ìš”ðŸŒ¼,ì´ê±° ì•„ì¹¨ëŒ€ìš©ìœ¼ë¡œ ë¨¹ê¸°ì— ë”±ì¸ë°ìš©ðŸ˜,ì¹¼ë¡œë¦¬ë„ ì°©í•˜ë‹¹ ðŸ”¥,ìˆ˜ë¦°ì´ë‹˜ ëª¸ë§¤ ë¹„ê²°ì¸ê°€ìš”â€¦â™¥ï¸,ìš”ê±°ì €ë„ë¨¹ì–´ìš”â¤ï¸â¤ï¸,ì¦ê±°ìš´ ì£¼ë§ ðŸŒ„ ðŸŒ… ðŸŒ„ ì•„ì¹¨ ìž…ë‹ˆë‹¤. í™œê¸°ì°¬í•˜ë£¨ ê±´í–‰í•˜ì„¸ìš” ðŸ™ŒðŸ”¥ðŸ™ŒðŸ”¥,ìš°ì•„ì•„ì•„ì•™ ì´ê±° ë„ˆë¬´ ë§›ì ¸ìš”â¤ï¸â¤ï¸â¤ï¸â¤ï¸,ì–¸ë‹ˆì˜ ë¹„ê²° ì´ë ‡ê²Œ ì¤ì¤ì¤â¤ï¸â¤ï¸,How gorgeous and awesomely fit she is!,ì•„ëª¬ë“œ ë°ì´ ë„˜ ê¼¬ìŠµë”ë¼ â¤ï¸,ì•„ëª¬ë“œìŒë£ŒëŠ” ì‚¬ëž‘ì´ë“€ ì´ì˜ë‹¤â¤ï¸,ì–¸ë‹ˆ ì½”ëž„ ì»¬ëŸ¬ë„ ë„ˆë¬´ ìž˜ì–´ìš¸ë¦°ë‹¹ðŸ§¡ì•„ëª¬ë“œìŒë£Œ ê¸€ì”¨ ì»¬ëŸ¬ëž‘ ë§žì¶°ì„œ ìž…ì€ê²…ê°€ðŸ˜,ì˜¤ëŠ˜ë„ í™”ì´íŒ…âœ¨ ë§›ë„ ì¢‹ì„ ê±° ê°™ì•„ìš©,
ì €ë„ ê³„ê³¡ ê°€ê³ ì‹¶ì–´ì§€ë„¤ìš©ðŸ˜ðŸ˜,ë¬¼ë°©ìš¸ê¹Œì§€ ì´‰ì´‰í•œ ìˆ˜ë¦°ë‹˜!ðŸ˜ ë„˜ ì•„ë¦„ë‹µë‹¤ìš”~~~ðŸ”¥,ìˆ˜ë¦°ë‹˜ ëª¸ë§¤ê°€ ì ì  ë” ì™œ ê°“ë²½í•´ ì§€ì‹œì£ ..? ë¹„ê²° ê³µìœ ì¢€...ðŸ¥¹ðŸ«¶ðŸ»ðŸ«¶ðŸ»,ì™€ì§„ì§œëª¸ë§¤ë°–ì—ì•ˆë³´ì—¬ìš” ðŸ‘ðŸ‘,ìš°ì•™ ì»¤í”Œ ìš´ë™ë³µ ðŸ˜,ì—°ì˜ˆì¸ì•„ë‹Œê°€ìš”â¤ï¸â¤ï¸,ìˆ²ì˜ìš”ì •ðŸ§šðŸ» ì¼ê³±ì‹œê°„ì´ë¼ë‹ˆ.. í•´ì™¸ë³´ë‹¤ ë¨¼ ëŠë‚Œ ã… ã…œ ì–¸ì œ ê³ ìƒí–ˆì¨”ì—¬ðŸŒ²ðŸŒ²ðŸŒ²,ëª¸ë§¤ë„ ì˜ˆë»ìš”ðŸ«¶ðŸ»,í™”ë³´ëŠë‚Œ í’€í’€ìž…ë‹ˆë‹¤ðŸ‘ðŸ‘,ë¹„ì˜¤ëŠ”ë‚  ë¬¼ë†€ì´ëŠ” ë” ìž¬ë¯¸ì°Œâ¤ï¸ ì£¼ë§ ìž˜ ë³´ë‚´ìš©ì–¸ë‹ˆðŸ˜,ê·¸ë¬ ðŸ’•ðŸ«¶ðŸ»,ë¹„ì™€ë„ í™”ë³´ì°ì–´ë²„ë¦¬ê¸°â¤ï¸,ëª¬ê°€..ì„ ë°ì´ì„œìš¸ ëŠë‚Œì´ë„¤ìš”ðŸ‘,ì¼ê³±ì‹œê°„ ì†Œìš¬ã…‹ã…‹ã…‹ã…‹ã…‹ã…‹ã…‹ã…‹ã…‹ã…‹ ðŸ˜‚ ì–¸ëƒ ê±°ìƒí•´ë”°ìš”,ìžì—°ê³¼ í•¨ê»˜ ì¦ê±°ìš´ ì‹œê°„ ë˜ì…” ë˜ê² êµ°ìš”ðŸ‘ðŸ‘ðŸ‘ðŸ‘ðŸ‘
í•œê°•ì œíŠ¸ìŠ¤í‚¤ë¼ë‹ˆðŸ˜,ë‹¤ì‹œ ë³´ì•„ë„ ë„˜ ìž¼ë‚¬ì–´ìš” ðŸ¥¹ðŸ‘,ì´ ë‚  ë„˜ ë°˜ê°€ì› ì–´ìš”!!! ë°”ë¡œ ë°œê²¬ðŸ˜â¤ï¸,ã……ã…”ì ¤ì˜ˆâ¤ï¸ì‹œìŠ¤íƒ€ ë‹¤ì†œ ë‹®ì•˜ì–´ìš©!,ì™•ìž¬ë°Œì–´ë³´ì—¬ìš”â¤ï¸!!!,ë§ˆí”„ë°œê²¬ ðŸ˜,í¬ ë„˜ë‚˜ ìž¼ë‚˜ë³´ì¸ë‹¤ìš”ðŸ”¥,ì²­ëŸ‰ì²­ëŸ‰ ðŸ’™ðŸ’™ðŸ’™,ì–¸ë‹ˆ ë³´ë‹ˆê¹Œ ì§„ì§œ ì—¬ë£¸ì´ë‹¹ ì—¬ë¦„ì—¬ì‹ â¤ï¸ìž¬ë°Œì—ˆê² ë‹¤ì•™ðŸ˜ðŸ˜,ìš°ì™• ë©‹ì ¸ìš©ðŸ˜ðŸ˜ðŸ˜ë³µê·¼ë„ ë§¨ë‚ ì„ ëª…â¤ï¸,"ì™€ ì§„ìŸˆ ìž¬ë°Œê² ë‹¤ â¤ï¸ ì–¸ë‹ˆëž‘ ê°™ì´ ê°€ê³ ì‹¶ì–´ìš”,,,ðŸ”¥ðŸ”¥",ã… ã… ë„ˆë¬´ìž¬ë°‹ì˜·ê²Ÿë‹¤ì–¸ë‹ˆ â¤ï¸â¤ï¸,ìš°ì™•!!! ì‹œì›í•´ ì§œë¦¿í•´ ìž¬ë°Œì–´ë³´ì—¬ìš”!!â¤ï¸ðŸ˜,ë„˜ ì‹œì›í•´ë³´ì¸ë‹¤ â¤ï¸,
ë°”ë‹¤ì—¬ì‹ ì˜ë‚  ì•„ë‹ˆêµ¬ìš˜?!ðŸ¥¹ðŸ¤,ë°”ë‹·ê¸¸ ë”°ë¼ì„œ ëŸ°ë‹ì´ë¼ë‹ˆ ðŸŒŠâœ¨ ìˆ˜ë¦°ì´ë‹˜ ìš´ë™ë³µ ì»¬ëŸ¬ëž‘ë„ ì°°-ë–¡ ðŸ¤­ðŸ’—,ë°”ë‹¤ì˜ë‚  ì¢‹ë„¤ì—¬â¤ï¸â¤ï¸,ðŸŒŠ ë°”ë‹¤,ì–¸ë‹ˆëŠ” ì–´ë””ì„œë‚˜ ì˜ˆë¿Œë‹¹ðŸ©µ,"ìˆ˜ë¦°ë‹˜ì€ ì‚°,ë°”ë‹¤ëž‘ ë„ˆë¬´ ìž˜ì–´ìš¸ë¦¬ì‹œëŠ”ê±°ê°™ì•„ìš”ðŸ˜â¤ï¸ðŸ˜®",ì„¸ë²ˆì§¸ ì‚¬ì§„ ì˜ˆë»ìš” ìžì—°ìŠ¤ëŸ¬ìš´ìƒ·ðŸ˜,ë°”ë‹¤ì˜ ë‚ ì´êµ¬ë‚˜â¤ï¸ ê·¸ëž˜ì„œ ë” ë¹›ë‚˜ë„¤ ìš¸ì–¸ëƒâœ¨âœ¨,ë°”ë‹¤ì˜ ë‚ ì´ë¼ë‹ˆ ã…‹ã…‹ã…‹í•´ë³€ì‚¬ì§„ ì¢€ ì°¾ì•„ë´ì•¼ê² ë‹¤ ã…‹ã…‹ã…‹ã…‹ã…‹ã…‹,ã…‚ã…ë‹¤ì˜ ë‚  ì˜ˆë»ìš” ðŸŒŠ,ë°”ë‹¤ì˜ ë‚  ë§ê³ ì–¸ë‹ˆì˜ ë‚ â¤ï¸,ì˜†ëª¨ìŠµë„ ì´ì˜ì‹œë„¤ìš”~ :) ðŸ˜ðŸ‘,Hermosa saludos,ðŸ˜ðŸ˜ðŸ˜ðŸ‘Ø¹Ø§Ù„ÛŒÛŒÛŒ,â¤ï¸â¤ï¸â¤ï¸â¤ï¸â¤ï¸
ì–¸ëƒ ë°±íŒ©ì•„ë‹ˆêµ¬ í­ ì•µê¸°ëŠ” ê²ƒì´ ê±°ì˜ ê°„ì˜ì‡¼íŒŒê°™ì•„ìš©â˜ºðŸ–¤,íŠ¸ëž˜í‚¹ ê°€ìžðŸ’•,ìš°ì™€ ê°€ë°©ì´ ðŸ‘  ì—¬ë¦„ì— ì•„ì¹¨ê°€ë¦¬ ê³„ê³¡ë„ ì•„ì£¼ ì¢‹ì•„ìš”^^,ê°€ë°©ì´ ì–¸ë‹ˆë©œìˆ˜ìžˆì„ê²ƒê°™ì€ðŸ˜,ê°€ë°©ì†ì— ë“¤ì–´ê°€ ìžë„ ë˜ê²Ÿëˆˆë°ìš”ðŸ˜â¤ï¸,ì—ì´ì¹˜ë””ì—‘ìŠ¤ì— ì´ë ‡ê²Œ ì˜ˆìœ ë°±íŒ©ë„ ìžˆì—ˆêµ°ìš”ðŸ˜ðŸ˜,ê°€ë°©ì´ë„˜ í¬ë‹¤ìš”ðŸ‘ðŸ‘ðŸ‘ðŸ˜,ðŸ‘ðŸ‘ðŸ‘ðŸ‘,ê³„ê³¡ ë„ˆë¬´ ì‹œì›í•´ ë³´ì—¬ìš”!!!ðŸ‘ðŸ‘,ìš°ì•„ ê°€ë°©ì´ ìŒ¤ë³´ë‹¤ ì»¤ìš”â¤ï¸â¤ï¸,ì–¸ë‹ˆ ì§„ì§œ ì–¸ë‹ˆë„ ë“œê°ˆê±°ê°™ë‹¤ê³  ìƒê°í•˜ë©´ì„œ ì™”ëŠ”ë°ã…£ëŒ“ê¸€ì— ì´ë¯¸ìžˆë„¤ìš¬ã„±ã…‹ã…‹ã„±,ê°€ë°© ì™•ì»¤ìš”ðŸ˜³ðŸ˜³ã…‹ã…‹ã…‹ã…‹ã…‹ã…‹ã…‹ã…‹ ìˆ˜ë¦°ë‹˜ ì €ê¸°ì— ë“¤ì–´ê°ˆ ê²ƒ ê°™ì•„ìš” ã…Žã…Žã…Žã…Žã…Žã…Žã…Žã…Ž,ë²•ìˆ˜ì¹˜ ê³„ê³¡ ì²˜ìŒ ë“¤ì–´ë³´ë„¤ìš” ðŸ˜‚ ì–´ë””ì¯¤ ìžˆë‚˜ìš”ðŸ˜‚ðŸ˜‚ðŸ˜‚,ê³„ê³¡ íŠ¸ëž˜í‚¹ì´ë¼ë‹ˆ!!â¤ï¸â¤ï¸ê°€ë³¼ëž˜ìš¤ðŸ”¥ ê°€ë°© ìž¥ë‚œì•„ë‹Œë°ìš¤ã…‹ã…‹â¤ï¸,ì¢‹ì€í•˜ë£¨ë˜ì„¸ìš”~
ã…‹ã…‹ã…‹ã…‹ã…‹ã…‹ ê³ ìƒì˜ ëì€ ì—­ì‹œ ë¨¹ë°©ìœ¼ë¡œ ížë§ðŸ˜,ì—°íƒœê³ ëŸ‰ì£¼ ðŸ¯ë§›ì´ì£  ~!!^^,ì°í–‰ë³µí‘œì •ðŸ¥° ì—°íœ´ë§‰ë°”ì§€ë„ í–…ì‚í•˜ê²ŒðŸ«¶ðŸ»,ì—°íƒœë„ˆë¬´ë§›ìžˆì–´ìš” ã…‹,ê³ ê¸°ë§ì´ì— ëœìž¥ì°Œê²Œë¼ë‹ˆ...! ì´ê±° ì§„ì§œ ì¢‹ì€ ì¡°í•©ì´ì£ ã… ã… ðŸ”¥,ì™€ 6ì‹œê°„ì´ìš”?!! ì§„ì§œ ê°€ê³ í”ˆê³³ì€ ë§Žì€ë° ë©€ì–´ì„œ ì—„ë‘ ëª»ë‚´ëŠ”ë° ëŒ€ë‹¨í•´ìš”...â¤ï¸,ë„ˆë¬´ì´ë» â¤ï¸â¤ï¸â¤ï¸,ìˆ  ì´ë¦„ì´ ë­”ê°€ìš”? ðŸ˜‚,ðŸ˜®ì™€....ì˜ˆìˆ ì´ë„¤ìš” ì§„ì§œ ëŒ€ë°• ë§›ë‚˜ë³´ì—¬ìš”â¤ï¸,ì™€ ë§›ìžˆì–´ë³´ì—¬ìš”,ë¨¹ëŠ” ëª¨ìŠµë„ ì° ì˜ˆìœ ì–¸ë‹ðŸ©µðŸ˜,ì•œ ì°¨ ì—„ì²­ ë°€ë ¸êµ¬ë‚˜ ðŸ˜¢ ì†ë§ì´ ëœìž¥ì°Œê°œ ì§±ë§›ì´ì§€ â¤ï¸,ì™€.. ë¹„ì¥¬ì–¼ ë¬´ìŠ¨ì¼!!ë¹„ì˜¤ëŠ”ë‚  ë”±ì¸ ë©”ë‰´ì¸ë°ìš”ðŸ˜,íì•™ ì–¸ë‹ˆ ì—°íœ´ ì œëŒ€ë¡œ ë³´ë‚´ê³ ìž‡ë‚´ìš¤â¤ï¸â¤ï¸â¤ï¸ì´ë¿Œë¼,
ë°ìƒíŠ¸ëŸ¬ë‹ðŸƒðŸ»ðŸƒðŸ»â€â™€ï¸,ë„ˆì–´ë¬´ ì´ì˜ë‹¹.. â¤ï¸â¤ï¸,ìš°ì™€ ì‚¬ì§„ë§Œ ë´ë„ í™œê¸°ê°€ ë„˜ì¹˜ëŠ”ë°ìš©ðŸ˜ðŸ˜,ê·¸ëƒ¥ ëŒ€íšŒë³µë§Œ ìž…ì–´ë„ ë„˜ì˜ˆ ë„˜ì‚¬ì¸ê±¸ìš” ðŸ¥¹ðŸ«¶ðŸ»ðŸ’™ðŸ’™,ë„ˆë¬´ ë°˜ê°€ì› êµ¬ìš©? ë¦´ë ˆì´ ì€ê·¼ ìž¬ë¯¸ë‚˜ë”ë¼ ðŸ˜ ë‚˜ë‘ ì²¨ì¸ë° ã…Žã…Ž,ì¢‹ì€ ë‚  ë˜ í•¨ê»˜ ë›°ì–´ìš”. ì˜ˆìœë‹˜ ~ðŸŒ¼ðŸŒ¸,ëŸ¬ë‹ê¹Œì§€ ìž˜í•˜ì‹œë‹¤ë‹ˆ ë„˜ ì™„ë²½í•œê±°ì•„ë‹Œê°€ìš”â¤ï¸,"ðŸ¥¹ì €ë„ ì¤„ì´ê¸¸ì–´ì„œ í”¼ìží¬ê¸°,, ì•„ë ¨ì•„ë ¨",ë‹¬ë¦¬ëŠ” ëª¨ìŠµë„ ì˜ˆìœ ìˆ˜ì—°ì˜¹ë‹ˆâ¤ï¸,ëŒ€íšŒ ì‚¬ì§„ ë©‹ìžˆìŠµë‹ˆë‹¤. ì˜¤ëŠ˜ë„ ë¶ˆê¸ˆ ë˜ì‹­ì‹œì˜¤ðŸ‘ðŸ‘,"ã…‡ã…–ë½€ë‹¹,,ðŸ©µðŸ’™ðŸ©µðŸ’œ",ê³ ìƒë§Žìœ¼ì…¨ì–´ìš” ðŸ”¥,ë©‹ì§€ì‹­ë‹ˆë‹¹ðŸ”¥,í•˜ëŠ˜í•˜ëŠ˜ë£©ì— ë‹¬ë¦¬ëŠ”ê±°ã…œë„˜ ì´ë¿Œë‹¤â¤ï¸,ì´ì˜ì‹œë„¤ìš”~ :) ðŸ˜ðŸ‘
íž ì—‰ë‹ˆ í—ˆë¦¬ ì•µê¸°ê³ íŒŒðŸ¥¹ðŸ¥¹ðŸ«¶ðŸ»,í—ˆë¦¬ ì†Œë©¸ê°â€¦ðŸ‘ðŸ˜,ã„¹ã…”ê¹…ìŠ¤ëž‘ ì°°ë–¡ì¸ë°ìš©ðŸ˜ðŸ˜,ì›ëž˜ë„ ê°œë¯¸í—ˆë¦¬ì…¨ì§€ë§Œ ìš” í‹° ìž…ìœ¼ì‹œë‹ˆê¹Œ ë” ì–‡ì•„ë³´ì´ì…”ìš”..ðŸ«¶ðŸ»,ì›ëž˜ë„ ê°œë¯¸í—ˆë¦¬ì¸ê±¸ìš©â¤ï¸íƒ‘ ë””ìžì¸ ì˜ˆë½€ìš”ðŸ˜,ìˆ˜ë¦°ë‹˜ ì¦ê±°ìš´ ë‚  ì‹œí¬ë¦¿ìŠ¤ì™€ í•¨ê»˜ í•´ì£¼ì…”ì„œ ê°ì‚¬í•´ìš” ðŸ’•ðŸ’• ì›ëž˜ë„ ê°œë¯¸í—ˆë¦¬ì…¨ëŠ”ë° ë” ê°œë¯¸í—ˆë¦¬ê°€ ëë„¤ìš” ðŸ™Œ,ìž…ì€ ì‚¬ëžŒì´ ê°œë¯¸ í—ˆë¦¬ì¼ê¹Œ ì˜·ì´ ê·¸ë ‡ê²Œ ë³´ì´ëŠ”ê±¸ê¹Œ ðŸ˜ƒ ~,ì–¸ë‹ˆ ì›ëž˜ë„ í—ˆë¦¬ í•œì¤Œì¸ë°!!ðŸ˜®,ì´ë‚  ì§„ì§œ ì´ë»ì°Œ ëª¨ì•¼ â¤ï¸,ì˜ˆìœ ê¸ˆìšœðŸ™ŒðŸ™Œ,ê°œë¯¸í—ˆë¦¬í‹°ì…”ì¸ ë¼ë‹ˆ.. ì–‡ì€í—ˆë¦¬ê°€ ë”ì–‡ì•„ë³´ì—¬ìš”â¤ï¸,ì™€.... ì§„ì§œ ì¸ê°„ê°œë¯¸ê°€ ë‚˜íƒ€ë‚¬ë‹¤ðŸ˜ í—ˆë¦¬ í•œì¤Œ ì‹¤í™”ðŸ‘,ì´ì˜ì‹œë„¤ìš”~ :) ðŸ˜ðŸ‘,ðŸŒ±ê·¸ë¬ ,
seedooë¼ë‹ˆðŸ¤”,ì‹œì›í•´ë³´ì—¬ìš”ðŸ’™ðŸ«¶ðŸ»ë ˆê¹…ìŠ¤ë„ ì˜ˆë»ìš”,í¬ì¹´ë¦¬ ê´‘ê³  ëª¨ë¸ ê°™ì•„ìš©ðŸ˜,êº„ì•… í¬ì¹´ë¦¬ì—¬ì‹  ì—¬ê¸°ìžˆë„¤ìš”ðŸ’™ðŸ¤ðŸ©µðŸ¤ðŸ’™ðŸ©µðŸ¤ðŸ’™ðŸ©µ,ì™€ ì²­ëŸ‰ê° ë¯¸ì³¤ë‹¤..ðŸ’™,ì í”„ì— ë¹ ì§ ã…‹ã…‹,í—ˆã…‚ ì§„ì§œ ë„˜ ì´ë»ìš”â¤ï¸â¤ï¸â¤ï¸â¤ï¸,ðŸ‘ðŸ‘ðŸ‘ðŸ˜ðŸ˜ðŸ˜,í¬ì¦ˆëŠ” ì´ë ‡ê²Œ ë°œëž„í•œë° í‘œì •ì€ ë‚˜ë¥¸í•œê±° ë„˜ ê·€ì—½ë„¤ìš©?!ðŸ’™,í¬ ì´ê²Œë¨¸ì•¼ â¤ï¸â¤ï¸â¤ï¸â¤ï¸,ì–¸ë‹ˆ ì—…ë¡œë“œ ë¹ ë¥´ë‹¹ðŸ’™ì²­ëŸ‰í•´ðŸ’™,ì–¸ë‹ˆ ë„ˆë¬´ ì˜ˆì˜ìž–ì•„â¤ï¸â¤ï¸,ì²­ëŸ‰ë³´ìŠ¤â¤ï¸,ë„ˆë¬´ ì´ì˜ì‹œë„¤ìš”~ :) ðŸ˜ðŸ‘,
ì˜ˆë»ìš”ðŸ–¤âœ¨,"ì•ˆë…•í•˜ì„¸ìš”! ì—¬í”Œ ê´€ë¦¬ìžìž…ë‹ˆë‹¤ :) ë‹¤ë¦„ì´ ì•„ë‹ˆë¼ ë…¸ë“¤ì„¬ ì»¨í…ì¸ ë¥¼ ì œìž‘ì¤‘ì¸ë° ì‚¬ì§„ì„ ë„ˆë¬´ ì˜ˆì˜ê²Œ ì°ì–´ì£¼ì…”ì„œ ì €í¬ ì±„ë„ì— ì¶œì²˜ë¥¼ ë‚¨ê¸°ê³  ì†Œê°œí•´ë“œë¦¬ê³  ì‹¶ì€ë° ê´œì°®ì„ê¹Œìš”? ì—¬í”Œì„ íŒ”ë¡œìš°í•´ì£¼ì‹œë©´ ì—…ë¡œë“œ í›„, ì‚¬ì§„ í™•ì¸ì´ ê°€ëŠ¥í•©ë‹ˆë‹¤! ì¢‹ì•„ìš” í˜¹ì€ ëŒ“ê¸€ì„ í†µí•´ ë‹µë³€ ë¶€íƒë“œë¦½ë‹ˆë‹¤â™¥",ì˜¤ì˜¤ ë°”ì„¸ë¦°ì„ í¬ë¦¼ì§„ì§œìµœê³ â¤ï¸â¤ï¸â¤ï¸,ã„´ã…ëˆ„ì„¸ë²ˆì§¸ì‚¬ì§„ì£ ì•„â¤ï¸ ê¹Œë€½ã…‹ã…‹,ë‚˜ë¬´ ë’¤ì— ìˆ¨ì–´ë„ ë‹¤ ë³´ì¸ë‹¤ê³ ìš© ë¯¸ì¹œë¯¸ëª¨ðŸ’šðŸ’šðŸ’šðŸ’š,ë„˜ì´ë»ìš” !!!,ðŸŒ¼,ë³µê·¼ë¼ì¸ë§Œ ë³´ì—¬ â¤ï¸ðŸ˜,ë ìš”ì˜¤ì˜¹ â¤ï¸ ã…‹ã…‹ã…‹ ì—¬ê¸°ì„œë„,ë°”ì„¸ë¦° ë¸Œëžœë“œ ë¯¿ê³  ì‚¬ìš©í•˜ëŠ” ì œí’ˆì´ì£  !!! ðŸŒ¿,ëŸ¬ë¸”ë¦¬â¤ï¸â¤ï¸,Another pretty photo ðŸ‘. 50+ sunscreen...seems it can get hot in Korea? ðŸ˜‰ðŸŒž,ë°”ì„¸ë¦°ì— ì„ í¬ë¦¼ë„ ìžˆì—ˆë‹¤ë‹ˆðŸ˜ ì²¨ì•Œì•˜ì–´ìš”!,ðŸ‘ðŸ‘ðŸ»ðŸ‘,ë„ˆë¬´ ì´ì˜ì‹œë„¤ìš”~ :) ðŸ˜ðŸ‘
ìš´ë™í›„ ì³ì§ˆë• ë‹¨ë°±ì§ˆì¿ í‚¤ê°€ ìµœê³ ðŸ«¶ðŸ»,ì´ëŸ° ë®¤íŠ¸í•œ ì»¬ëŸ¬ ë„ˆë¬´ ìž˜ ì–´ìš¸ë¦¬ëŠ” ê²ƒ ê°™ì•„ìš” ðŸ’› ê·¸ë‚˜ì €ë‚˜ 20ë§Œì› í• ì¸ê¶Œì´ë¼ë‹ˆ.... +_+,ëª¸ë§¤ ë„ˆë¬´ ë¶€ëŸ¬ì›Œìš©ðŸ˜,ì˜¤ì˜¤ì˜¤ ì €ê±° ì—„ì²­ ë§›ë‚˜ë³´ì—¬ìš”ðŸ˜â¤ï¸,â¤ï¸,ì¸ì¦ìƒ· ì˜ˆì‹œëž‘ ê°­ì°¨ì´ ë­”ë° ì–¸ë‹ˆ ã…‹ã…‹ã…‹ã…‹ã…‹,ì˜¤ëŠ˜ ë” ì–´ë ¤ë³´ì—¬ì–¸ë‹ˆ..ðŸ˜±ðŸ˜,ì˜¤ëŠ˜ì˜ ì–¸ë‹ˆ ìž„íŒ©íŠ¸ ë¿œë¿œ ì™„ë£Œâ¤ï¸,ì˜¤ëŠ˜ë„ ì²­ìˆœðŸ«¶,ê·¹ì„¸ì‚¬í—ˆë¦¬,You look great â¤ï¸,ì´ì˜ì‹œë„¤ìš”~ :) ðŸ˜ðŸ‘,BellÃ­sima saludos,,
ê³„ì† ë³´ê²Œë˜ëŠ” í–‰ë³µ ì˜ìƒðŸ«¶ðŸ»ì € ëˆ„ë¼ í•©ì„±ì‹œì¼œì¥¬ìš”ðŸ˜­ðŸ˜­ðŸ˜­ðŸ¤ ê·¸ë‚˜ì €ë‚˜ ì–¸ëƒ ë§¥ì£¼ì‚¬ì§„ ë¯¸ìµ¸...ðŸ’™,ë’·íƒœê°€ ì¸ì–¸ê³µì£¼ì„¸ìš”~!! ðŸ§œðŸ¼â€â™€ï¸ðŸ§œðŸ¼â€â™€ï¸,ë‚´ë…„ì—” ê¼­ ê°€ë³´ê³ ì‹¶ì€ íŽ˜ìŠ¤í‹°ë²Œì´ì—ìš”>_<â¤ï¸,ðŸŒ¼ðŸŒ¼ë°‹í•ìµœê³ ,ìš°ì™€ ë„ˆë¬´ ì¦ê±°ì›Œë³´ì—¬ìš©ðŸ˜ðŸ˜ðŸ˜,ì‹ ë‚˜ë³´ì—¬ìš” â¤ï¸â¤ï¸,ì§±ìœ ì—°í•´ì—¬â¤ï¸â¤ï¸ ì†ì—°ìž¬ ë‹®ìžˆë„¤ì˜>_<,ì—­ì‹œ ì—¬ì‹ ì´ì•¼..,ë‚´ë…„ì—” ì‹œê°„ ë§žì¶° ê°€ìš”ì˜¤ðŸ˜¢ ì–¼êµ´ ë„ˆë¬´ ìž ê¹ ë´¤ë‹¤êµ¬ðŸ˜¢ðŸ˜¢,ì§„ì§œì´ë½€â¤ï¸ ì£¼ë§ ë‚´ë‚´ ì–¸ë‹ˆëž‘ í•¨ê»˜í•´ì„œ ì¡°ì•„ì°ŒâœŒï¸ðŸ˜,ížˆížˆ ì–¸ë‹ˆìµœê³  â¤ï¸â¤ï¸â¤ï¸,ì²­ìˆœì—¬ì‹ â™¥ï¸â™¥ï¸â™¥ï¸,What an awesomely pretty and stunningly fit girl!,í¬ìœ¼ ì–¸ë‹ˆ ì²«ë²ˆì§¸ì‚¬ì§„ ë¯¸ì³¤ë‹¤ðŸ˜ ã…‹ã…‹ã…‹ã…‹ë‹´ì—” ê°™ì´ ì¶œí…Œë‹¤â¤ï¸,
ì €ë‘ ìš”ê³  ë§›ë‚«ë”ëž€ ìƒˆì½¤ë‹¬ì½¤ðŸ˜‹,í”„ë¡œí‹´ì¸ë° ìƒˆì½¤ë‹¬ì½¤ì´ë¼ë‹ˆ!! ì´ê±´ ì•ˆ ì‚´ìˆ˜ê°€ ì—†ëŠ”ë°ìš”ðŸ˜,"í”„ë¡œí‹´ë„ í•¨ìœ ë˜ì—ˆê³ , ì‹œì›í•˜ê°œ ë§ˆì‹¤ ìˆ˜ ìžˆê² ì–´ìš”ðŸ’•ðŸ’•",ì‰ì´í¬ í…í…í•´ì„œ ë¨¹ê¸° íž˜ë“œì‹ ë¶„ë“¤ê»˜ ë”±ì´ë„¤ìš©ðŸ˜ðŸ™Œ,ì—¬ë¦„ì— ë”±ì´ë„¤ìš©,ì˜¤ì˜¤ ìƒˆì½¤ë‹¬ì½¤ ë„˜ ë§›ë‚˜ë³´ì—¬ìš©â¤ï¸ðŸ˜,í”„ë¡œí‹´ì¸ë°ìƒˆì½¤ë‹¬ì½¤ì¢‹ì•„ìš” ì‚¬ë¨¹ì„ëž˜ì—¬â¤ï¸â¤ï¸â¤ï¸â¤ï¸,ì˜¤ ì´ê±° ë•¡ê¸°ë„¤ìš” ã…‹ã…‹ã…‹!!!,ì´ì˜ì‹œë„¤ìš”~ :) ðŸ˜ðŸ‘,ðŸ˜®,ì•„ì¹¨ë¶€í„° ìƒì½¤ìˆ˜ì—°ë‹˜ðŸ¥°ðŸ«¶ðŸ»,ìš”ê±° ë§›ìžˆë”ë¼êµ¬ìš”ðŸ˜‹,ì˜¤ì˜¤ â¤ï¸ ì–¼ìŒê³¼ í•¨ê»˜ ë§ˆì…”ë´ì•¼ì§€ â¤ï¸,ì˜¤ëŠ˜ë‘ í™œê¸°ì°¨ê²Œ..ðŸ”¥â¤ï¸,
ë„˜ ì‹œì› í• ë“¯ìš©â¤ï¸,ì´ˆëƒ‰ê° ì œí’ˆì´ë¼ë‹ˆ!!ì € ì™„ì „ í•„ìš”í•œ ì œí’ˆì´ì—ìš©ðŸ˜ðŸ˜,ì•„ì´ ì´ë»ðŸ˜ íŒŒìŠ¤í…”í†¤ì´ ì •ë§ ìž˜ì–´ìš¸ë ¤ìš”,ì‚¬ì•¼ê² ì•„ìš”â¤ï¸â¤ï¸â¤ï¸â¤ï¸,ì˜ìƒë„ ì–´ì¼€ ì´ëž˜ìš©ðŸ˜êµ´ìš• 1ë„ ì—†ëŠ”~~~~~~,ì–¸ë‹ˆ ì´ì¦ˆ ë­”ë“¤â¤ï¸,ðŸŒ¼ðŸŒ¼,ëª¸ë§¤ ë„˜ì‚¬ðŸ˜,ì—¬ë¦„í–¥ê¸° ê°™ì´ ì˜ˆìœ ì–¸ë‹ˆâ¤ï¸,ì•„ìž‡ ë„ˆë¬´ ì˜ˆì˜ë‹¤ìš”â¤ï¸,ì˜†ëª¨ìŠµë„ ì´ì˜ì‹œë„¤ìš”~ :) ðŸ˜ðŸ‘,ë ˆê¹…ìŠ¤í• ì§„ì§œ..ìµœê³ â¤ï¸â¤ï¸â¤ï¸,Your Super Gorgeous ðŸ”¥,â¤ï¸â¤ï¸â¤ï¸ðŸ˜ðŸ˜ðŸ˜,You look amazing â¤ï¸
ì™€ ë‘ë²ˆì§¸ ì‚¬ì§„ ë„ˆë¬´ ì¢‹ì•„ìš” ì„¸ìƒë°ê³ ì˜ˆì¨ ë‹¤ê°€ì§„ì˜¨ëƒðŸ’“ðŸ’“ðŸ’“,"ë°©ë°© íŠ¸ëž¨í´ë¦°ë›°ë©´ì„œë„ ì´ë ‡ê²Œ ì´ì  ìˆ˜ê°€ ìžˆëŠ”ê±°êµ°ìš” !!! ,, ðŸ˜® ì§„ì§œ ì‹ ë‚¨ì´ ë³´ì—¬ìš” ðŸ¥°ðŸ˜†",ìš°ì™€ íŠ¸ëž¨í´ë¦°!!! ë„ˆë¬´ ìž¬ë°Œì„ê±°ê°™ì•„ìš©ðŸ˜ðŸ˜,ìš¸ì–¸ë‹ˆ ì‹ ë‚¬ë„¤ðŸ¥°ðŸ¥°ðŸ¥°,ðŸ¥°ìœ ë‹ˆë ˆë²„ë°”ì„¸ë¦°,ì–¸ëƒ ì í”„ ì™œì¼€ ìž˜í•´ìš”? â¤ï¸ ã…‹ã…‹ã…‹,ì´ì˜ê³  ê·€ì—½êµ¬ ë‹¤í–‰ ì–¸ë‹ ðŸ¤ðŸ¤,ã…ˆã…£ã„´ì§œì—¬ì‹ â¤ï¸â¤ï¸â¤ï¸â¤ï¸â¤ï¸,ì˜ìƒì—ì„œ @sweatlife_jessi ì–¸ë‹ˆëž‘ í•˜ì´íŒŒì´ë¸Œí•˜ëŠ”ê±° .. ë‘ ë¶„ ë„˜ ì˜í£!!!! ðŸ˜â¤ï¸â¤ï¸,ì–¸ë‹ˆ ì–´ì œë„ ë³´ê³  ì˜¤ëŠ˜ë„ ë³´ê³ ~! ìž˜ ì§€ë‚´ì£µ? ì—¬ì „ížˆ ì˜ˆì˜ê³  í•«ë°”ë””! ì–¸ì œë‚˜ ì‘ì›í• ê²Œìš” ë˜ ë§Œë‚˜ìš”~ ^*^,ë°”ëžŒì— ë‚ ë¦¬ëŠ” ë¨¸ë¦¬ê¹Œì§€ ì²­ìˆœë¯¸ ë¿œðŸ˜,ì˜¤ã… ì í”„ ì™œì¼€ ã…‹ã…‹ã…‹ ìž˜í•´ ã…‹ã…‹ ìŠˆí¼ë§ˆë¦¬ì˜¤ì„¸ìš”? ðŸ‘ â¤ï¸ ìš°ë¦¬ ë”°ë¡œ í‹°íƒ€ìž„ì£°,ã…‹ã…‹ã…‹ì í”„ì‚¬ì§„ ì¡¸ê·€íƒ±â¤ï¸â¤ï¸,ìº¬ ì§„ì§œ ìž¼ì¨ë³´ì—¬ìœ  ì–¸ë‹ã…‹ã…‹â¤ï¸,ìš°ë¦¬ ì§„ì§œ í–‰ë³µí•´ë”°ì•„ì•„ â¤ï¸
í‘ ìš¸ì–¸ëƒì•„ì•„ ì—‡ê°ˆë¦¬ë‹¤ë‹ˆìž‰ã… ã… ã… ã…œã…œã…œã…œã…œã…œ,ì‹ ë°œ ë„ˆë¬´ íŽ¸í•´ë³´ì—¬ìš©ðŸ˜ðŸ˜,ì•„ë¦„ë‹¤ì›Œìš”ðŸ’“ì‹ ë°œë„ íŽ¸í•´ ë³´ì—¬ìš”,ì € ì–¸ë‹ˆ ë´¤ëŠ”ë° ì œê°€ íƒì‹œíƒ„ ìƒíƒœë¼ ì¸ì‚¬ë¥¼ ëª»í•œ..ðŸ˜¢ë‹¤ìŒì— ë´ìš”â¤ï¸,ì˜ˆë»ì—¬â¤ï¸â¤ï¸ìƒì½¤>_<,ì—¬ì‹  ì–¸ë‹ˆ â¤ï¸ ë˜ë§Œë‚˜ìš” â¤ï¸â¤ï¸,ã……ã…£í¬ë ˆã…¡ê°”ëŠ”ë° ížˆìž‰,ë„˜ ìž˜ì–´ìš¸ë ¤ìš© ì–¸ë‹ˆâ¤ï¸ ìš”ì¦˜ ë” íƒ„íƒ„í•´ì§„ ê²ƒ ê°™ì•„ìš”ðŸ˜,ì´ìœì‹œë„¤ìš”,ì˜†ëª¨ìŠµë„ ì´ì˜ì‹œë„¤ìš”~ :) ðŸ˜ðŸ‘,ì‹ ë°œíŽ¸í•´ë³´ì—¬ìš” ì˜¤ëŠ˜ë„ ì˜ˆìœ ìˆ˜ë¦°ë‹˜â¤ï¸,ðŸŒ±,ì˜¤ëŠ˜ ë” ì¸í˜•ê°™ì€ ì–¸ë‹ˆ!!! ì£¼ë§íŒ…ðŸ˜â¤ï¸,ðŸ˜®ðŸ˜®ðŸ˜ðŸ‘,
ìš”ê±° ì €ë„ì¨ìš” â¤ï¸â¤ï¸,ìš°ì•™ í—¬ìŠ¤ í•„ìˆ˜í…œ â¤ï¸,ëª¸ë§¤êµì •ì— ì¢‹ì„ ê±° ê°™ì•„ìš©â¤ï¸,ðŸ‘ðŸ‘ðŸ‘ì£¼ë§ ê±´í–‰í•˜ì„¸ìš” ðŸ”¥ðŸ”¥ðŸ”¥,ì˜¤ì•„ ìš”ëŸ° ë°´ë“œê°€ ìžˆì—ˆë‹¤ë‹ˆðŸ™Œ,ì¦ì£¼ë§ðŸ”¥,ì €ëŠ” ìš´ë™ê³¼ ë¨¹ë°©ì´ìš”ðŸ”¥ìˆ˜ë¦°ë‹˜ ì£¼ë§ ìž˜ ë³´ë‚´ì„¸ìš”â¤ï¸,ìš°ì•„â€¦ëª¸ë§¤ ë¬´ì—‡â¤ï¸â¤ï¸ìµœê³ ì—ìš”!!0,ìš¸ì–¸ë‹ˆ ì´ë¯¸ ê°œë¯¸í—ˆë¦¬ ì™„ì„±ì¸ë°ðŸ˜,ë„ˆë¬´ ì´ì˜ì‹œë„¤ìš”~ :) ðŸ˜ðŸ‘,ðŸ‘ðŸ‘ðŸ‘ðŸ˜ðŸ˜,ë•ë¶„ì— ëˆˆí˜¸ê°•í•˜êµ¬ðŸ˜Š í–…ì‚ì£¼ë§ì´ì—íš¨ðŸ’›,ìš´ë™í• ë•Œ ì˜ˆì—´ë˜ì„œ ë¶€ìƒì—†ê² ì–´ìš”ðŸ˜ðŸ˜ðŸ˜,â¤ï¸â¤ï¸â¤ï¸â¤ï¸â¤ï¸,You look amazing â¤ï¸
ëª¸ë§¤ ë¬´ì—‡..â¤ï¸â¤ï¸ í•˜ë£¨ì¢…ì¼ ë­ ë“œì‹œëŠ” ê¶ê¸ˆí•´ìš” ì°ìœ¼ë¡œ!!!!,í—¬ìŠ¤ë„ ê³¨í”„ë„ ì™„ë²½í•œ ì¸ì¹œë‹˜ !! ðŸ˜ðŸ˜,ì–´ë¨¸ ì–¸ëƒ ì˜¤ëŠ˜ í™”ì‚¬í•˜ë‹ˆ ë„ˆë¬´ ì¥¬ì•„ìš”ðŸ’™ðŸ’™ðŸ’™,ìš´ë™ë³µ ìƒ‰ê° ì˜ˆë»ìš”ðŸ©µðŸ©µ,ì–¸ë‹ˆê°€ ìž…ì–´ì„œ ê·¸ëŸ°ê°€ ë„˜ ì˜ˆì˜ë‹¤ðŸ˜,ìš´ë™ ìžê·¹ ì‚¬ì§„ì´ë„¤ìš©ðŸ˜ðŸ˜ ëª¸ë§¤ ë„ˆë¬´ ì˜ˆë»ì—¬..â¤ï¸,ìš°ì™€ ì—„ì²­ ê³ ê¸‰ìŠ¤ëŸ¬ìš´ ë¸”ë£¨ + ë³´ë¼ ì»¬ëŸ¬ë„¤ì—¬ ðŸ’—ðŸ’—,ì½”ë°œíŠ¸ë¸”ë£¨ ì¿¨í†¤ ì–¸ë‹ˆí•œí…Œ ë”± ðŸ’™ðŸ’œðŸ˜,í¬í ì»¬ëŸ¬ê°ì´ ë„ˆë¬´ ì°°ë–¡ì´ì‹ ðŸ’™,ã…ã…í”„ ì œí’ˆ ë¨¹ìœ¼ë©´ ìš¸ ë°±ì„¤ì´ ê°™ì•„ì§€ë‚˜ ? â¤ï¸,ì¡´ë©‹ì´ì•¼ ì§„ì§œ ã…‹ã…‹,ë¸”ë£¨ì¸ë“¯ í¼í”Œì¸ë“¯ ì˜¤ë¬˜í•œ ë§¤ë ¥â¤ï¸,ìˆíŒ¬ì¸ ì˜ ê³„ì ˆìž…ë‹ˆë‹¤ ðŸ˜†â¤ï¸â€ðŸ”¥,ë¬´ìŠ¨ ìƒ‰ë„ ì°°ë–¡ðŸ¤,ìƒ‰ë‹¤ë¥¸ ì¹¼ë¼ë„¤ â¤ï¸ ì˜¤ëŠ˜ë„ ì´ì€ì˜¨ë‹ˆâ¤ï¸
ì˜¤ëŠ˜ ê³¨í”„ë£© ë„ˆë¬´ ì˜ˆë»ìš” ðŸ’› í•´ë°”ë¼ê¸° ê°™ì€ ê½ƒì´ í¬ì¸íŠ¸ì¸ê°€ë°”ìš© í¬í¬ >_<,ìœ í‹¸ ìš°ë“œ ë‹¤ ë„ˆë¬´ ìž˜ì¹˜ì‹œëŠ”ë°ìš”ðŸ˜,ê³¨í”„ë³µë„ ë„ˆë¬´ ìž˜ ì–´ìš¸ë ¤ìš”ðŸŒ¼âœ¨,ì™€ í”„ë¡œê°™ì´ ìž˜ì¹˜ì‹œë„¤ìš”â¤ï¸,ìš°ì•™ ê³¨í”„ë£©ë„ ì´ë»ìš” â¤ï¸,ë§¥í‚¤ì´ë»ì—¬ ðŸ”¥ðŸ”¥,ì˜¤ëŠ˜ë„ ì˜ˆìœ ìˆ˜ë¦°ë‹˜ðŸ˜ í–‰ë³µí•œ í•˜ë£¨ë˜ì„¸ìš”â¤ï¸,ã…‹ã…‹ì–¸ë‹ˆ ê·€ì—½ë‹¤ ã…‹ã…‹ã…‹ã…‹,ë¯¸ëª¨ ë®¤ìŠ¨ì¼ì´ì•¼ðŸ˜,ë‚˜ì´ìŠ¤ìƒ¤ì•„ì•„ì•„ì•—ðŸ˜ðŸ‘ðŸ‘ðŸ‘ðŸ‘ðŸ‘,ì˜¤ ì´ì œ ê³¨í”„ê¹Œì§€ðŸ‘ðŸ‘,ðŸ‘ðŸ‘ðŸ‘ðŸ‘ðŸ˜ðŸ˜ðŸ˜,ì´ìœì‹œë„¤ìš”,ì´ì˜ì‹œë„¤ìš”~ :) ðŸ˜ðŸ‘,ì™€ì•„â€¦ ìµœê³ ì—ìš”â¤ï¸
íž ë„˜ì˜ˆë½€ ì–¸ëƒëª¸ë§¤ê°€ ë‹¤í•œê±°ì•„ë…œìš©?ðŸ¥¹ðŸ«¶ðŸ»,ì§„ì§œ ë„˜ ì´ì˜ë‹¤ðŸ”¥ðŸ”¥ðŸ”¥â¤ï¸â¤ï¸,ëª¸ë§¤ ì§„ì§œ ë¯¸ì³¤ì–´ìš©ðŸ˜ðŸ˜,ì§„ì§œ ê°“ë²½ëª¸ë§¤ ðŸ”¥ðŸ”¥,í™”ìš”íŒ…ìž…ë‹ˆë‹¤!ðŸ™Œ,ì•„ë¦„ë‹¤ì›Œìš” ðŸ˜ðŸ¤,ì™€ ìˆ˜ì—¬ë‹ˆ ë³´ëˆðŸ˜,ì‹œí¬ë¦¿ìŠ¤ì™€ í•¨ê»˜ í•´ì£¼ì…”ì„œ ê°ì‚¬í•©ë‹ˆë‹¤ â¤ï¸,ì—´ì •ì—´ì •â¤ï¸â¤ï¸,WowðŸ‘ðŸ‘,ðŸ˜®ðŸ˜®ðŸ˜®ðŸ˜®ðŸ˜®,ì €ë„ ìš”ì½”ë””ìƒ€ëŠ”ë°ðŸ˜ðŸ˜ ì¸ë‹˜ìž…ì€ê±°ë³´ë‹ˆ ë„˜ì˜ˆë»ìš”ðŸ˜ðŸ˜,ë„ˆë¬´ ì´ì˜ì‹œë„¤ìš”~ :) ðŸ˜ðŸ‘,ëª¸ì´ ì¢‹ë„¤ìœ  ìš´ë™ í•´ì„œ ê·¸ëŸ°ê±°ì£ ?,ðŸ”¥
ê´€ì ˆì—°ê³¨!!!!ì–¸ëƒ ì œ ë§˜ì˜ì†Œë¦¬ ì–¸ì œ ë“£ê³ ê°”ëƒë©°ðŸ¥²ê³ ê³ ë !!!,ã„¹ã…“ë‹ ë“±ì‚° ìš”ê°€ ê³¨í”„ ìˆ˜ì˜ê¹Œì§€.. ì•ˆí•˜ì‹œëŠ” ìš´ë™ì´ ì—†ìœ¼ì‹œë„¤ìš” â¤ï¸â¤ï¸,ì´ê±°ì €ë„ë¨¹ì–´ìš”,ë‚˜ëž‘ ì„¸íˆ¬â¤ï¸,ëª¸ë§¤ì§„ì§œ ë„˜ì‚¬ðŸ”¥â¤ï¸â¤ï¸,ðŸ˜®ðŸ˜®ðŸ˜®ðŸ‘ðŸ‘ðŸ‘ðŸ‘,ðŸ‘ðŸ‘ðŸ‘ðŸ˜ðŸ˜ðŸ˜,ðŸ™Œ,ì½œë¼ê² ë„ˆë¬´ ì†Œë“•í•˜ì§€ â¤ï¸,ì˜¤ ìˆ˜ì—°ì´ë„ ì½œë¼ê² â¤ï¸,ë¯¿ê³  ë¨¹ëŠ” ì—ë²„ì½œë¼ê² ì € ìº¡ìŠíƒ€ìž…ë§Œ ë¨¹ì—ˆëŠ”ë° ìš”ê±° ê¶ê¸ˆí•˜ë‹¤ðŸ˜®,ì˜†ëª¨ìŠµë„ ì´ì˜ì‹œë„¤ìš”~ :) ðŸ˜ðŸ‘,ì—ë²„ì½œë¼ê²ì€ í•„ìˆ˜ì£ â¤ï¸â¤ï¸,ë„ˆë¬´ë„ˆë¬´ì´ì˜ìŸˆë‚˜ìš”â¤ï¸â¤ï¸,Hermosa saludos
hdex ì¼ì¼€ ì²­ìˆœí…œì´ ë˜ë‹¤ë‹›ðŸ¤ðŸ–¤ðŸ¤ðŸ«¶ðŸ»,ê°€ë°©ë„˜íƒë‚˜ëŠ”ë°ì—¬ !!,ì—ì´ì¹˜ë±ìŠ¤ ì œí’ˆì€ ë‹¤ ì¢‹ì•„ìš©ðŸ˜ðŸ˜,ì§€ì¨” ì–¸ë‹ˆëˆ™ ì²­ìˆœë¯¸ í•œë„ ì—†ì›€ ðŸ’•ðŸ’•ðŸ’•,ìˆ˜ë¦°ë‹˜ì€ ì •ë§ íƒ„íƒ„ ê·¸ìž¡ì±„â¤ï¸ ì˜·ë„ ë„ˆë¬´ ì´ë»ìš”ðŸ˜,ì§ë³´ê´€ìš©ìœ¼ë¡œ ì¢‹ì€ ì‚¬ì´ì¦ˆë„¤ìš© ðŸ”¥,ðŸ‘ðŸ‘ðŸ‘ðŸ˜ðŸ˜ðŸ˜,ì´ì˜ì‹œë„¤ìš”~ :) ðŸ˜ðŸ‘,ìš°ë¦¬ ê°™ì´ ê±¸ì„ê¹Œ? â¤ï¸,ì›Œë£ŒíŒ…ðŸ™Œ,ê°•í™”ë„ ì €ë„ ì¢‹ì•„í•´ìš©! ë°”ë‹¤ë„ ìžˆê³  ì‚°ë„ìžˆê³  ë§›ë‚œê±°ë„ ë§Žêµ¬â¤ï¸â¤ï¸,ì˜¤ ê°•í™”ë„..íŠ¸ë ˆí‚¹ ë©¤5!!,í°ê°€ë°© ì¢‹ì§€ìš© ìœ ìš©í…œðŸ¥°,ì˜¤! ê°•í™”ë„ì—¬í–‰! ìž˜ ë‹¤ë…€ì˜¤ìƒ·ë‚˜ìš©? ã…Žã…Ž ë¼ì´ë”©! ë¼ì´ë”© í•˜ê¸°ë„ ì´ì   ë” ì¢‹ì€ ë‚ ì”¨@ê°™ì•„ìš© ã…‹ã…‹ã…‹ã…‹,ì¦ê±°ìš´ í•˜ë£¨ ë˜ì„¸ìš” ðŸ™Œ
ìš”ì¦˜ ìš´ë™ë²… ì‡¼í•‘ì„ ì•ˆí•´ì„œ ì´ëŸ¬ë‚˜ â¤ï¸ ã…‹í—·,ë§¥í‚¤ ê³¨í”„ì›¨ì–´ ë„˜ ìž˜ì–´ìš¸ë ¤ìš©ðŸ˜,ë””ìžì¸ ë„ˆë¬´ ì˜ˆë»ìš” ðŸ¥¹ðŸ¥¹ ìš”ìƒˆ ê³¨í”„ì›¨ì–´ë„ ì„¸ìƒ ì˜ˆë»ì„œ ë³¼ ë•Œë§ˆë‹¤ ì¹˜ì§€ë„ ì•ŠëŠ”ë° ì¹˜ê³  ì‹¶ì–´ì§€ëŠ” ê³¨í”„ â›³ï¸â¤ï¸,ì–´ë¨¸ë‚˜ ì–¸ëƒ ì¸í˜•ì¸ì¤„ì•Œì•˜ìž–ì˜¤ì˜¤ðŸ¤,êº„ ëŠ˜ì”¬ ë„ˆë¬´ì´ë»ìš” !!,ê³¨í”„ì›¨ì–´ ë„˜ ê¹”ë”í•˜ê³  ê³ ê¸‰ìŠ¤ëŸ¬ì›Œìš”ðŸ˜,ê³¨í”„ì›¨ì–´ ì™„ì „ ìž˜ì–´ìš¸ë ¤ìš”ðŸ’›ðŸ©µ,ìš°ì•„ ê³¨í”„ë„ ìž˜ì¹˜ì‹œë„¤ìš”â¤ï¸â¤ï¸,ìš´íƒœê¸°ê·¹ë½ì€ ìƒˆìš´ë™ë³µì´ì§€â™¥ï¸,ë°”ë¹„ì¸í˜•ê°™ì˜¤ ðŸ–¤,ì°°ëž‘ì°°ëž‘ ì´¤ë¥´ë¥´ðŸ™Œ ìŠ¤ì»¤íŠ¸ ë„˜ ìž˜ì–´ìš¸ë¦¬ê³ ìš”â¤ï¸,ì•ˆì–´ìš¸ë¦¬ëŠ”ê²Œ ì—†ë„¤ìš”ðŸ˜ðŸ˜ì™„ë²½,ì˜· ê·€ì˜‚ë‹¤ ã…‹,ì´ì˜ì‹œë„¤ìš”~ :) ðŸ˜ðŸ‘,ðŸ‘ðŸ‘ðŸ‘ðŸ‘ðŸ˜ðŸ˜ðŸ˜
ì–´ì©œì´ëž˜ â¤ï¸ ë„˜ì˜ˆì˜ë‹¤ ì–¸ëƒ ë‚˜ë„ ì„¤ë ˆðŸ’—,ì§„ì§œ ëª¸ë§¤ê°€ !! ë³¼ë•Œë§ˆë‹¤ ë©‹ì ¸ìš” !! ì œì£¼ë„ ë„ˆë¬´ì¢‹ì€ë°ì—¬ !!,ì„¹ì‹œí•˜êµ¬ ì²­ìˆœí•˜êµ¬â¤ï¸,ì£¼ë§ì— ë­í•˜ì„¸ìš”?! ì „ í† ìšœ ë…ë°•ìœ¡ì•„ ì˜ˆì •ì´ë¼ ì•ˆì„¤ë ˆìš”ðŸ˜‚,ì™€ ìœ ì—°ì„±ë„ ëŒ€ë°• â¤ï¸,ì—ê±°ì•¼ ë„ˆë¬´ ê³ ìƒí–ˆì–´ìš”ðŸ˜¢ðŸ˜¢â¤ï¸,ðŸ‘ðŸ‘ðŸ‘ðŸ˜ðŸ˜ðŸ˜â¤ï¸â¤ï¸â¤ï¸,ë¶ˆê¸ˆì´ë„¤ìš© ðŸ”¥ ã…Žã…Ž ì˜¤ëŠ˜í•˜ë£¨ë„ í™”ì´íŒ…í•˜ì„¸ìš”,í¬ìœ¼ ë„ˆë¬´ ì˜ˆë»ë²„ë ¤...ðŸ’™,ë‘ë²ˆì§¸ì‚¬ì§„ â¤ï¸â¤ï¸,ì™€ì•„â€¦â¤ï¸ ë„ˆë¬´ì´ë»ìš”ðŸ˜ í•´ì‚í•œ ì£¼ë§ ë˜ì„¸ìš”â¤ï¸,í•´í”¼ì£¼ë§ì´ì—¬ìš©ðŸ˜ðŸ˜,êº„í•­ ë„ˆë¬´ ì˜ˆë¿Œë‹¤ìš”â¤ï¸,ì˜†ëª¨ìŠµë„ ì´ì˜ì‹œë„¤ìš”~ :) ðŸ˜ðŸ‘,í‘¹ì‰¬ì„¸ìš”â¤ï¸ ã… ã… ã…œì €ë„.....ì´ë²ˆì£¼ê°€ì™œì´ë¦¬..íž˜ë“ ì§€ã… ã… ã…‹ã…‹ã…‹ã…‹ã…‹ã…‹ã…‹
ëˆˆë¶€ì‹  ì—¬ë¦„ì¿¨í†¤ ë°±ì„¤ì˜¨ë‹ðŸðŸ’™ðŸ¤,êº„ ì´ë»ìš” ~,ì§„ì§œ ë§¤ë‹¬ ì œì£¼ë„â€¦.â¤ï¸â¤ï¸â¤ï¸â¤ï¸â¤ï¸ê°€ê³ ì‹¶ì–´ìš”ã… ã… ,ì œì£¼ë„ ì €ë„ ë§¤ë‹¬ ê°€ê³ ì‹¶ì–´ìš” í‘¸í•˜í•˜ðŸ˜‚ ì˜¤ëŠ˜í•˜ë£¨ë„ í™”ì´íŒ…í•˜ì„¸ìš”,ì–¸ë‹ˆëŠ” ì œì£¼ë„ ì„ ë…€â¤ï¸â¤ï¸,ë“±ë„ ì´ì¨ìš”ðŸ˜  ìš”ì¦˜ ì œì£¼ê°€ ë‚ ì”¨ìµœê³ ì£ ðŸŒ´ðŸ’šðŸŒ´ðŸ’š,í¬ìœ¼ ì–¸ë‹ˆ ì œì£¼ë„ ë„˜ ìž˜ì¦ê¸°êµ¬ì™“ë‹¹,ì œì£¼ê°€ì„œ ìš”ê°€í•˜ê³  ëŸ°ë‹í•˜ëŠ”ê±´ ìƒê°ë§Œìœ¼ë¡œë„ ì¢‹ë„¤ìš©. ë§¤ì¼ì˜ˆìœ ìˆ˜ë¦°ë‹˜â¤ï¸,ë„ˆë¬´ ì´ì˜ì‹œë„¤ìš”~ :) ðŸ˜ðŸ‘,ë“±ê·¼ìœ¡ ì¡´ë©‹ðŸ˜,ížë§í•˜ì…¨ë‚˜ìš”â¤ï¸â¤ï¸â¤ï¸ ì œì£¼ë„ê°„ì§€ì˜¤ëž˜ë¬ì–´ìš”ã… ã… ì €ëŠ”,ì˜¤â¤ï¸ ë°”ì§€ ë…íŠ¹,â¤ï¸â¤ï¸â¤ï¸â¤ï¸â¤ï¸,â¤ï¸â¤ï¸â¤ï¸ðŸ™Œ,ðŸŒ´
êº„êµ¿ìƒ· ì ì  ëŠëŠ”ê²Œ ë³´ì—¬ìš” ðŸ˜ðŸ˜,8íšŒì°¨ ë§žë‚˜ìš”?!ðŸ˜ ìš°ì™€ðŸ˜®ðŸ˜®ðŸ˜®,ê³¨í”„ë³µë„ ì§„ì§œ ì²œìƒê³„ðŸ˜,ì˜¤ì˜· ë¹„ê±°ë¦¬ ì­‰ì­‰ ëŠ˜ì–´ë‚˜ëŠ”ë°ìš”ðŸ˜ ê³¨í”„ë£©ë„ ì˜ˆë¿Œë‹¤ðŸ©·,ì´ë»ì„œ 10ë²ˆ ëŒë ¤ë´¤ì–´ìš”â¤ï¸â¤ï¸,ì–¸ë‹ˆ ì§„ì§œ ì²œìƒê³„ ì¸ê°€ë³´ã…ðŸ˜®ðŸ˜,ì˜¤ì˜¤  ê³§ ë“œë¼ì´ë¸Œ ìƒ·  ë³´ê² ë„¤ìš”~^^,ì¼ë‹¨ ì˜ˆìœë° ìž˜í•˜ê¸°ê¹Œì§€í•˜ëŠ”. .â¤ï¸,ðŸŒ¼,ðŸ˜ðŸ˜†ðŸ˜ŠðŸ˜‰ðŸ‘,ìˆ˜ë¦°ë‹˜ ì–¸ì œë‚˜ ì˜ˆë»ìš”ðŸ’–ðŸ’–ðŸ™ðŸ™,ðŸ‘ðŸ‘ðŸ‘ðŸ‘ðŸ‘ðŸ˜ðŸ˜ Good luck,your ao amazingðŸ’ªðŸ’ªðŸ’ªðŸ’ªðŸ’–,,
