hashtag,words,weight
#어덜트온리 #짐웨어 #짐웨어추천 #머슬핏 #협찬 #협찬 #서비푸드 #seobifood #paciencia #파시엔시아 #협찬 #짐랫 #짐웨어브랜드 #짐웨어브랜드추천 #협찬 #오리지널스포츠 #originalsports #midnightwalk #협찬 #NS #NS웨이프로틴 #프로틴보충제 #단백질보충제 #ns포대유청 #오운완 #레비아탄 #LEVIATAN#드롭세트핀 #드롭핀 #드랍세트핀 #협찬 #아르기닌 #아르게이지 #협찬 #유피라운지 #uplounge #uplg #짐웨어 #광고 #개근질마트 #GGJ #머슬그랑프리.MUSCLE #협찬 #협찬 #짐웨어 #머슬핏 #협찬 #식단 #다이어트식단 #식단도시락 #쭌스밀 #제품협찬광고.immunelab_official_ #협찬.himchan_doctors #협찬.ninez_official #협찬.lype.co.kr #LYPE #오운완 #트레이닝팬츠 #트레이닝바지 #짐웨어추천 #제품협찬 #협찬.hdex__official #협찬.peacepeace.official #협찬.wpls_mall #WpLS #위플러스몰 #위플러스헤어밴드 #스쿼트 #너무무거워 #어려워 #셀링뉴_류신 #셀링뉴_마카 #셀링뉴_아르기닌 #셀링뉴 #협찬 #patrick #patrick_wear #페트릭 #페트릭웨어 #모자 #협찬 #오운완 #꾸준함이답이다 #협찬.ninez_official #협찬.hdex__official #에이치덱스 #hdex #hdx #오운완 #협찬 #에이치덱스 #hdex #hdx #광고.#스테디니스 #stdn #협찬.betterthanlife_official #케라에너지크림 ,협찬,0.8926436853549036
#어덜트온리 #짐웨어 #짐웨어추천 #머슬핏 #협찬 #협찬 #서비푸드 #seobifood #paciencia #파시엔시아 #협찬 #짐랫 #짐웨어브랜드 #짐웨어브랜드추천 #협찬 #오리지널스포츠 #originalsports #midnightwalk #협찬 #NS #NS웨이프로틴 #프로틴보충제 #단백질보충제 #ns포대유청 #오운완 #레비아탄 #LEVIATAN#드롭세트핀 #드롭핀 #드랍세트핀 #협찬 #아르기닌 #아르게이지 #협찬 #유피라운지 #uplounge #uplg #짐웨어 #광고 #개근질마트 #GGJ #머슬그랑프리.MUSCLE #협찬 #협찬 #짐웨어 #머슬핏 #협찬 #식단 #다이어트식단 #식단도시락 #쭌스밀 #제품협찬광고.immunelab_official_ #협찬.himchan_doctors #협찬.ninez_official #협찬.lype.co.kr #LYPE #오운완 #트레이닝팬츠 #트레이닝바지 #짐웨어추천 #제품협찬 #협찬.hdex__official #협찬.peacepeace.official #협찬.wpls_mall #WpLS #위플러스몰 #위플러스헤어밴드 #스쿼트 #너무무거워 #어려워 #셀링뉴_류신 #셀링뉴_마카 #셀링뉴_아르기닌 #셀링뉴 #협찬 #patrick #patrick_wear #페트릭 #페트릭웨어 #모자 #협찬 #오운완 #꾸준함이답이다 #협찬.ninez_official #협찬.hdex__official #에이치덱스 #hdex #hdx #오운완 #협찬 #에이치덱스 #hdex #hdx #광고.#스테디니스 #stdn #협찬.betterthanlife_official #케라에너지크림 ,오운완,0.17852873707098071
#어덜트온리 #짐웨어 #짐웨어추천 #머슬핏 #협찬 #협찬 #서비푸드 #seobifood #paciencia #파시엔시아 #협찬 #짐랫 #짐웨어브랜드 #짐웨어브랜드추천 #협찬 #오리지널스포츠 #originalsports #midnightwalk #협찬 #NS #NS웨이프로틴 #프로틴보충제 #단백질보충제 #ns포대유청 #오운완 #레비아탄 #LEVIATAN#드롭세트핀 #드롭핀 #드랍세트핀 #협찬 #아르기닌 #아르게이지 #협찬 #유피라운지 #uplounge #uplg #짐웨어 #광고 #개근질마트 #GGJ #머슬그랑프리.MUSCLE #협찬 #협찬 #짐웨어 #머슬핏 #협찬 #식단 #다이어트식단 #식단도시락 #쭌스밀 #제품협찬광고.immunelab_official_ #협찬.himchan_doctors #협찬.ninez_official #협찬.lype.co.kr #LYPE #오운완 #트레이닝팬츠 #트레이닝바지 #짐웨어추천 #제품협찬 #협찬.hdex__official #협찬.peacepeace.official #협찬.wpls_mall #WpLS #위플러스몰 #위플러스헤어밴드 #스쿼트 #너무무거워 #어려워 #셀링뉴_류신 #셀링뉴_마카 #셀링뉴_아르기닌 #셀링뉴 #협찬 #patrick #patrick_wear #페트릭 #페트릭웨어 #모자 #협찬 #오운완 #꾸준함이답이다 #협찬.ninez_official #협찬.hdex__official #에이치덱스 #hdex #hdx #오운완 #협찬 #에이치덱스 #hdex #hdx #광고.#스테디니스 #stdn #협찬.betterthanlife_official #케라에너지크림 ,lype,0.08926436853549036
#어덜트온리 #짐웨어 #짐웨어추천 #머슬핏 #협찬 #협찬 #서비푸드 #seobifood #paciencia #파시엔시아 #협찬 #짐랫 #짐웨어브랜드 #짐웨어브랜드추천 #협찬 #오리지널스포츠 #originalsports #midnightwalk #협찬 #NS #NS웨이프로틴 #프로틴보충제 #단백질보충제 #ns포대유청 #오운완 #레비아탄 #LEVIATAN#드롭세트핀 #드롭핀 #드랍세트핀 #협찬 #아르기닌 #아르게이지 #협찬 #유피라운지 #uplounge #uplg #짐웨어 #광고 #개근질마트 #GGJ #머슬그랑프리.MUSCLE #협찬 #협찬 #짐웨어 #머슬핏 #협찬 #식단 #다이어트식단 #식단도시락 #쭌스밀 #제품협찬광고.immunelab_official_ #협찬.himchan_doctors #협찬.ninez_official #협찬.lype.co.kr #LYPE #오운완 #트레이닝팬츠 #트레이닝바지 #짐웨어추천 #제품협찬 #협찬.hdex__official #협찬.peacepeace.official #협찬.wpls_mall #WpLS #위플러스몰 #위플러스헤어밴드 #스쿼트 #너무무거워 #어려워 #셀링뉴_류신 #셀링뉴_마카 #셀링뉴_아르기닌 #셀링뉴 #협찬 #patrick #patrick_wear #페트릭 #페트릭웨어 #모자 #협찬 #오운완 #꾸준함이답이다 #협찬.ninez_official #협찬.hdex__official #에이치덱스 #hdex #hdx #오운완 #협찬 #에이치덱스 #hdex #hdx #광고.#스테디니스 #stdn #협찬.betterthanlife_official #케라에너지크림 ,짐웨어,0.08926436853549036
#어덜트온리 #짐웨어 #짐웨어추천 #머슬핏 #협찬 #협찬 #서비푸드 #seobifood #paciencia #파시엔시아 #협찬 #짐랫 #짐웨어브랜드 #짐웨어브랜드추천 #협찬 #오리지널스포츠 #originalsports #midnightwalk #협찬 #NS #NS웨이프로틴 #프로틴보충제 #단백질보충제 #ns포대유청 #오운완 #레비아탄 #LEVIATAN#드롭세트핀 #드롭핀 #드랍세트핀 #협찬 #아르기닌 #아르게이지 #협찬 #유피라운지 #uplounge #uplg #짐웨어 #광고 #개근질마트 #GGJ #머슬그랑프리.MUSCLE #협찬 #협찬 #짐웨어 #머슬핏 #협찬 #식단 #다이어트식단 #식단도시락 #쭌스밀 #제품협찬광고.immunelab_official_ #협찬.himchan_doctors #협찬.ninez_official #협찬.lype.co.kr #LYPE #오운완 #트레이닝팬츠 #트레이닝바지 #짐웨어추천 #제품협찬 #협찬.hdex__official #협찬.peacepeace.official #협찬.wpls_mall #WpLS #위플러스몰 #위플러스헤어밴드 #스쿼트 #너무무거워 #어려워 #셀링뉴_류신 #셀링뉴_마카 #셀링뉴_아르기닌 #셀링뉴 #협찬 #patrick #patrick_wear #페트릭 #페트릭웨어 #모자 #협찬 #오운완 #꾸준함이답이다 #협찬.ninez_official #협찬.hdex__official #에이치덱스 #hdex #hdx #오운완 #협찬 #에이치덱스 #hdex #hdx #광고.#스테디니스 #stdn #협찬.betterthanlife_official #케라에너지크림 ,식단,0.08926436853549036
#어덜트온리 #짐웨어 #짐웨어추천 #머슬핏 #협찬 #협찬 #서비푸드 #seobifood #paciencia #파시엔시아 #협찬 #짐랫 #짐웨어브랜드 #짐웨어브랜드추천 #협찬 #오리지널스포츠 #originalsports #midnightwalk #협찬 #NS #NS웨이프로틴 #프로틴보충제 #단백질보충제 #ns포대유청 #오운완 #레비아탄 #LEVIATAN#드롭세트핀 #드롭핀 #드랍세트핀 #협찬 #아르기닌 #아르게이지 #협찬 #유피라운지 #uplounge #uplg #짐웨어 #광고 #개근질마트 #GGJ #머슬그랑프리.MUSCLE #협찬 #협찬 #짐웨어 #머슬핏 #협찬 #식단 #다이어트식단 #식단도시락 #쭌스밀 #제품협찬광고.immunelab_official_ #협찬.himchan_doctors #협찬.ninez_official #협찬.lype.co.kr #LYPE #오운완 #트레이닝팬츠 #트레이닝바지 #짐웨어추천 #제품협찬 #협찬.hdex__official #협찬.peacepeace.official #협찬.wpls_mall #WpLS #위플러스몰 #위플러스헤어밴드 #스쿼트 #너무무거워 #어려워 #셀링뉴_류신 #셀링뉴_마카 #셀링뉴_아르기닌 #셀링뉴 #협찬 #patrick #patrick_wear #페트릭 #페트릭웨어 #모자 #협찬 #오운완 #꾸준함이답이다 #협찬.ninez_official #협찬.hdex__official #에이치덱스 #hdex #hdx #오운완 #협찬 #에이치덱스 #hdex #hdx #광고.#스테디니스 #stdn #협찬.betterthanlife_official #케라에너지크림 ,ninez_official,0.08926436853549036
#어덜트온리 #짐웨어 #짐웨어추천 #머슬핏 #협찬 #협찬 #서비푸드 #seobifood #paciencia #파시엔시아 #협찬 #짐랫 #짐웨어브랜드 #짐웨어브랜드추천 #협찬 #오리지널스포츠 #originalsports #midnightwalk #협찬 #NS #NS웨이프로틴 #프로틴보충제 #단백질보충제 #ns포대유청 #오운완 #레비아탄 #LEVIATAN#드롭세트핀 #드롭핀 #드랍세트핀 #협찬 #아르기닌 #아르게이지 #협찬 #유피라운지 #uplounge #uplg #짐웨어 #광고 #개근질마트 #GGJ #머슬그랑프리.MUSCLE #협찬 #협찬 #짐웨어 #머슬핏 #협찬 #식단 #다이어트식단 #식단도시락 #쭌스밀 #제품협찬광고.immunelab_official_ #협찬.himchan_doctors #협찬.ninez_official #협찬.lype.co.kr #LYPE #오운완 #트레이닝팬츠 #트레이닝바지 #짐웨어추천 #제품협찬 #협찬.hdex__official #협찬.peacepeace.official #협찬.wpls_mall #WpLS #위플러스몰 #위플러스헤어밴드 #스쿼트 #너무무거워 #어려워 #셀링뉴_류신 #셀링뉴_마카 #셀링뉴_아르기닌 #셀링뉴 #협찬 #patrick #patrick_wear #페트릭 #페트릭웨어 #모자 #협찬 #오운완 #꾸준함이답이다 #협찬.ninez_official #협찬.hdex__official #에이치덱스 #hdex #hdx #오운완 #협찬 #에이치덱스 #hdex #hdx #광고.#스테디니스 #stdn #협찬.betterthanlife_official #케라에너지크림 ,협차,0.08926436853549036
#어덜트온리 #짐웨어 #짐웨어추천 #머슬핏 #협찬 #협찬 #서비푸드 #seobifood #paciencia #파시엔시아 #협찬 #짐랫 #짐웨어브랜드 #짐웨어브랜드추천 #협찬 #오리지널스포츠 #originalsports #midnightwalk #협찬 #NS #NS웨이프로틴 #프로틴보충제 #단백질보충제 #ns포대유청 #오운완 #레비아탄 #LEVIATAN#드롭세트핀 #드롭핀 #드랍세트핀 #협찬 #아르기닌 #아르게이지 #협찬 #유피라운지 #uplounge #uplg #짐웨어 #광고 #개근질마트 #GGJ #머슬그랑프리.MUSCLE #협찬 #협찬 #짐웨어 #머슬핏 #협찬 #식단 #다이어트식단 #식단도시락 #쭌스밀 #제품협찬광고.immunelab_official_ #협찬.himchan_doctors #협찬.ninez_official #협찬.lype.co.kr #LYPE #오운완 #트레이닝팬츠 #트레이닝바지 #짐웨어추천 #제품협찬 #협찬.hdex__official #협찬.peacepeace.official #협찬.wpls_mall #WpLS #위플러스몰 #위플러스헤어밴드 #스쿼트 #너무무거워 #어려워 #셀링뉴_류신 #셀링뉴_마카 #셀링뉴_아르기닌 #셀링뉴 #협찬 #patrick #patrick_wear #페트릭 #페트릭웨어 #모자 #협찬 #오운완 #꾸준함이답이다 #협찬.ninez_official #협찬.hdex__official #에이치덱스 #hdex #hdx #오운완 #협찬 #에이치덱스 #hdex #hdx #광고.#스테디니스 #stdn #협찬.betterthanlife_official #케라에너지크림 ,hdex,0.08926436853549036
#어덜트온리 #짐웨어 #짐웨어추천 #머슬핏 #협찬 #협찬 #서비푸드 #seobifood #paciencia #파시엔시아 #협찬 #짐랫 #짐웨어브랜드 #짐웨어브랜드추천 #협찬 #오리지널스포츠 #originalsports #midnightwalk #협찬 #NS #NS웨이프로틴 #프로틴보충제 #단백질보충제 #ns포대유청 #오운완 #레비아탄 #LEVIATAN#드롭세트핀 #드롭핀 #드랍세트핀 #협찬 #아르기닌 #아르게이지 #협찬 #유피라운지 #uplounge #uplg #짐웨어 #광고 #개근질마트 #GGJ #머슬그랑프리.MUSCLE #협찬 #협찬 #짐웨어 #머슬핏 #협찬 #식단 #다이어트식단 #식단도시락 #쭌스밀 #제품협찬광고.immunelab_official_ #협찬.himchan_doctors #협찬.ninez_official #협찬.lype.co.kr #LYPE #오운완 #트레이닝팬츠 #트레이닝바지 #짐웨어추천 #제품협찬 #협찬.hdex__official #협찬.peacepeace.official #협찬.wpls_mall #WpLS #위플러스몰 #위플러스헤어밴드 #스쿼트 #너무무거워 #어려워 #셀링뉴_류신 #셀링뉴_마카 #셀링뉴_아르기닌 #셀링뉴 #협찬 #patrick #patrick_wear #페트릭 #페트릭웨어 #모자 #협찬 #오운완 #꾸준함이답이다 #협찬.ninez_official #협찬.hdex__official #에이치덱스 #hdex #hdx #오운완 #협찬 #에이치덱스 #hdex #hdx #광고.#스테디니스 #stdn #협찬.betterthanlife_official #케라에너지크림 ,웨어,0.08926436853549036
#어덜트온리 #짐웨어 #짐웨어추천 #머슬핏 #협찬 #협찬 #서비푸드 #seobifood #paciencia #파시엔시아 #협찬 #짐랫 #짐웨어브랜드 #짐웨어브랜드추천 #협찬 #오리지널스포츠 #originalsports #midnightwalk #협찬 #NS #NS웨이프로틴 #프로틴보충제 #단백질보충제 #ns포대유청 #오운완 #레비아탄 #LEVIATAN#드롭세트핀 #드롭핀 #드랍세트핀 #협찬 #아르기닌 #아르게이지 #협찬 #유피라운지 #uplounge #uplg #짐웨어 #광고 #개근질마트 #GGJ #머슬그랑프리.MUSCLE #협찬 #협찬 #짐웨어 #머슬핏 #협찬 #식단 #다이어트식단 #식단도시락 #쭌스밀 #제품협찬광고.immunelab_official_ #협찬.himchan_doctors #협찬.ninez_official #협찬.lype.co.kr #LYPE #오운완 #트레이닝팬츠 #트레이닝바지 #짐웨어추천 #제품협찬 #협찬.hdex__official #협찬.peacepeace.official #협찬.wpls_mall #WpLS #위플러스몰 #위플러스헤어밴드 #스쿼트 #너무무거워 #어려워 #셀링뉴_류신 #셀링뉴_마카 #셀링뉴_아르기닌 #셀링뉴 #협찬 #patrick #patrick_wear #페트릭 #페트릭웨어 #모자 #협찬 #오운완 #꾸준함이답이다 #협찬.ninez_official #협찬.hdex__official #에이치덱스 #hdex #hdx #오운완 #협찬 #에이치덱스 #hdex #hdx #광고.#스테디니스 #stdn #협찬.betterthanlife_official #케라에너지크림 ,셀링뉴_아르기닌,0.04463218426774518
#어덜트온리 #짐웨어 #짐웨어추천 #머슬핏 #협찬 #협찬 #서비푸드 #seobifood #paciencia #파시엔시아 #협찬 #짐랫 #짐웨어브랜드 #짐웨어브랜드추천 #협찬 #오리지널스포츠 #originalsports #midnightwalk #협찬 #NS #NS웨이프로틴 #프로틴보충제 #단백질보충제 #ns포대유청 #오운완 #레비아탄 #LEVIATAN#드롭세트핀 #드롭핀 #드랍세트핀 #협찬 #아르기닌 #아르게이지 #협찬 #유피라운지 #uplounge #uplg #짐웨어 #광고 #개근질마트 #GGJ #머슬그랑프리.MUSCLE #협찬 #협찬 #짐웨어 #머슬핏 #협찬 #식단 #다이어트식단 #식단도시락 #쭌스밀 #제품협찬광고.immunelab_official_ #협찬.himchan_doctors #협찬.ninez_official #협찬.lype.co.kr #LYPE #오운완 #트레이닝팬츠 #트레이닝바지 #짐웨어추천 #제품협찬 #협찬.hdex__official #협찬.peacepeace.official #협찬.wpls_mall #WpLS #위플러스몰 #위플러스헤어밴드 #스쿼트 #너무무거워 #어려워 #셀링뉴_류신 #셀링뉴_마카 #셀링뉴_아르기닌 #셀링뉴 #협찬 #patrick #patrick_wear #페트릭 #페트릭웨어 #모자 #협찬 #오운완 #꾸준함이답이다 #협찬.ninez_official #협찬.hdex__official #에이치덱스 #hdex #hdx #오운완 #협찬 #에이치덱스 #hdex #hdx #광고.#스테디니스 #stdn #협찬.betterthanlife_official #케라에너지크림 ,스쿼트,0.04463218426774518
#어덜트온리 #짐웨어 #짐웨어추천 #머슬핏 #협찬 #협찬 #서비푸드 #seobifood #paciencia #파시엔시아 #협찬 #짐랫 #짐웨어브랜드 #짐웨어브랜드추천 #협찬 #오리지널스포츠 #originalsports #midnightwalk #협찬 #NS #NS웨이프로틴 #프로틴보충제 #단백질보충제 #ns포대유청 #오운완 #레비아탄 #LEVIATAN#드롭세트핀 #드롭핀 #드랍세트핀 #협찬 #아르기닌 #아르게이지 #협찬 #유피라운지 #uplounge #uplg #짐웨어 #광고 #개근질마트 #GGJ #머슬그랑프리.MUSCLE #협찬 #협찬 #짐웨어 #머슬핏 #협찬 #식단 #다이어트식단 #식단도시락 #쭌스밀 #제품협찬광고.immunelab_official_ #협찬.himchan_doctors #협찬.ninez_official #협찬.lype.co.kr #LYPE #오운완 #트레이닝팬츠 #트레이닝바지 #짐웨어추천 #제품협찬 #협찬.hdex__official #협찬.peacepeace.official #협찬.wpls_mall #WpLS #위플러스몰 #위플러스헤어밴드 #스쿼트 #너무무거워 #어려워 #셀링뉴_류신 #셀링뉴_마카 #셀링뉴_아르기닌 #셀링뉴 #협찬 #patrick #patrick_wear #페트릭 #페트릭웨어 #모자 #협찬 #오운완 #꾸준함이답이다 #협찬.ninez_official #협찬.hdex__official #에이치덱스 #hdex #hdx #오운완 #협찬 #에이치덱스 #hdex #hdx #광고.#스테디니스 #stdn #협찬.betterthanlife_official #케라에너지크림 ,셀링뉴_마카,0.04463218426774518
#어덜트온리 #짐웨어 #짐웨어추천 #머슬핏 #협찬 #협찬 #서비푸드 #seobifood #paciencia #파시엔시아 #협찬 #짐랫 #짐웨어브랜드 #짐웨어브랜드추천 #협찬 #오리지널스포츠 #originalsports #midnightwalk #협찬 #NS #NS웨이프로틴 #프로틴보충제 #단백질보충제 #ns포대유청 #오운완 #레비아탄 #LEVIATAN#드롭세트핀 #드롭핀 #드랍세트핀 #협찬 #아르기닌 #아르게이지 #협찬 #유피라운지 #uplounge #uplg #짐웨어 #광고 #개근질마트 #GGJ #머슬그랑프리.MUSCLE #협찬 #협찬 #짐웨어 #머슬핏 #협찬 #식단 #다이어트식단 #식단도시락 #쭌스밀 #제품협찬광고.immunelab_official_ #협찬.himchan_doctors #협찬.ninez_official #협찬.lype.co.kr #LYPE #오운완 #트레이닝팬츠 #트레이닝바지 #짐웨어추천 #제품협찬 #협찬.hdex__official #협찬.peacepeace.official #협찬.wpls_mall #WpLS #위플러스몰 #위플러스헤어밴드 #스쿼트 #너무무거워 #어려워 #셀링뉴_류신 #셀링뉴_마카 #셀링뉴_아르기닌 #셀링뉴 #협찬 #patrick #patrick_wear #페트릭 #페트릭웨어 #모자 #협찬 #오운완 #꾸준함이답이다 #협찬.ninez_official #협찬.hdex__official #에이치덱스 #hdex #hdx #오운완 #협찬 #에이치덱스 #hdex #hdx #광고.#스테디니스 #stdn #협찬.betterthanlife_official #케라에너지크림 ,셀링뉴_류신,0.04463218426774518
#어덜트온리 #짐웨어 #짐웨어추천 #머슬핏 #협찬 #협찬 #서비푸드 #seobifood #paciencia #파시엔시아 #협찬 #짐랫 #짐웨어브랜드 #짐웨어브랜드추천 #협찬 #오리지널스포츠 #originalsports #midnightwalk #협찬 #NS #NS웨이프로틴 #프로틴보충제 #단백질보충제 #ns포대유청 #오운완 #레비아탄 #LEVIATAN#드롭세트핀 #드롭핀 #드랍세트핀 #협찬 #아르기닌 #아르게이지 #협찬 #유피라운지 #uplounge #uplg #짐웨어 #광고 #개근질마트 #GGJ #머슬그랑프리.MUSCLE #협찬 #협찬 #짐웨어 #머슬핏 #협찬 #식단 #다이어트식단 #식단도시락 #쭌스밀 #제품협찬광고.immunelab_official_ #협찬.himchan_doctors #협찬.ninez_official #협찬.lype.co.kr #LYPE #오운완 #트레이닝팬츠 #트레이닝바지 #짐웨어추천 #제품협찬 #협찬.hdex__official #협찬.peacepeace.official #협찬.wpls_mall #WpLS #위플러스몰 #위플러스헤어밴드 #스쿼트 #너무무거워 #어려워 #셀링뉴_류신 #셀링뉴_마카 #셀링뉴_아르기닌 #셀링뉴 #협찬 #patrick #patrick_wear #페트릭 #페트릭웨어 #모자 #협찬 #오운완 #꾸준함이답이다 #협찬.ninez_official #협찬.hdex__official #에이치덱스 #hdex #hdx #오운완 #협찬 #에이치덱스 #hdex #hdx #광고.#스테디니스 #stdn #협찬.betterthanlife_official #케라에너지크림 ,위플러스몰,0.04463218426774518
#어덜트온리 #짐웨어 #짐웨어추천 #머슬핏 #협찬 #협찬 #서비푸드 #seobifood #paciencia #파시엔시아 #협찬 #짐랫 #짐웨어브랜드 #짐웨어브랜드추천 #협찬 #오리지널스포츠 #originalsports #midnightwalk #협찬 #NS #NS웨이프로틴 #프로틴보충제 #단백질보충제 #ns포대유청 #오운완 #레비아탄 #LEVIATAN#드롭세트핀 #드롭핀 #드랍세트핀 #협찬 #아르기닌 #아르게이지 #협찬 #유피라운지 #uplounge #uplg #짐웨어 #광고 #개근질마트 #GGJ #머슬그랑프리.MUSCLE #협찬 #협찬 #짐웨어 #머슬핏 #협찬 #식단 #다이어트식단 #식단도시락 #쭌스밀 #제품협찬광고.immunelab_official_ #협찬.himchan_doctors #협찬.ninez_official #협찬.lype.co.kr #LYPE #오운완 #트레이닝팬츠 #트레이닝바지 #짐웨어추천 #제품협찬 #협찬.hdex__official #협찬.peacepeace.official #협찬.wpls_mall #WpLS #위플러스몰 #위플러스헤어밴드 #스쿼트 #너무무거워 #어려워 #셀링뉴_류신 #셀링뉴_마카 #셀링뉴_아르기닌 #셀링뉴 #협찬 #patrick #patrick_wear #페트릭 #페트릭웨어 #모자 #협찬 #오운완 #꾸준함이답이다 #협찬.ninez_official #협찬.hdex__official #에이치덱스 #hdex #hdx #오운완 #협찬 #에이치덱스 #hdex #hdx #광고.#스테디니스 #stdn #협찬.betterthanlife_official #케라에너지크림 ,아르게이지,0.04463218426774518
#어덜트온리 #짐웨어 #짐웨어추천 #머슬핏 #협찬 #협찬 #서비푸드 #seobifood #paciencia #파시엔시아 #협찬 #짐랫 #짐웨어브랜드 #짐웨어브랜드추천 #협찬 #오리지널스포츠 #originalsports #midnightwalk #협찬 #NS #NS웨이프로틴 #프로틴보충제 #단백질보충제 #ns포대유청 #오운완 #레비아탄 #LEVIATAN#드롭세트핀 #드롭핀 #드랍세트핀 #협찬 #아르기닌 #아르게이지 #협찬 #유피라운지 #uplounge #uplg #짐웨어 #광고 #개근질마트 #GGJ #머슬그랑프리.MUSCLE #협찬 #협찬 #짐웨어 #머슬핏 #협찬 #식단 #다이어트식단 #식단도시락 #쭌스밀 #제품협찬광고.immunelab_official_ #협찬.himchan_doctors #협찬.ninez_official #협찬.lype.co.kr #LYPE #오운완 #트레이닝팬츠 #트레이닝바지 #짐웨어추천 #제품협찬 #협찬.hdex__official #협찬.peacepeace.official #협찬.wpls_mall #WpLS #위플러스몰 #위플러스헤어밴드 #스쿼트 #너무무거워 #어려워 #셀링뉴_류신 #셀링뉴_마카 #셀링뉴_아르기닌 #셀링뉴 #협찬 #patrick #patrick_wear #페트릭 #페트릭웨어 #모자 #협찬 #오운완 #꾸준함이답이다 #협찬.ninez_official #협찬.hdex__official #에이치덱스 #hdex #hdx #오운완 #협찬 #에이치덱스 #hdex #hdx #광고.#스테디니스 #stdn #협찬.betterthanlife_official #케라에너지크림 ,아르기닌,0.04463218426774518
#어덜트온리 #짐웨어 #짐웨어추천 #머슬핏 #협찬 #협찬 #서비푸드 #seobifood #paciencia #파시엔시아 #협찬 #짐랫 #짐웨어브랜드 #짐웨어브랜드추천 #협찬 #오리지널스포츠 #originalsports #midnightwalk #협찬 #NS #NS웨이프로틴 #프로틴보충제 #단백질보충제 #ns포대유청 #오운완 #레비아탄 #LEVIATAN#드롭세트핀 #드롭핀 #드랍세트핀 #협찬 #아르기닌 #아르게이지 #협찬 #유피라운지 #uplounge #uplg #짐웨어 #광고 #개근질마트 #GGJ #머슬그랑프리.MUSCLE #협찬 #협찬 #짐웨어 #머슬핏 #협찬 #식단 #다이어트식단 #식단도시락 #쭌스밀 #제품협찬광고.immunelab_official_ #협찬.himchan_doctors #협찬.ninez_official #협찬.lype.co.kr #LYPE #오운완 #트레이닝팬츠 #트레이닝바지 #짐웨어추천 #제품협찬 #협찬.hdex__official #협찬.peacepeace.official #협찬.wpls_mall #WpLS #위플러스몰 #위플러스헤어밴드 #스쿼트 #너무무거워 #어려워 #셀링뉴_류신 #셀링뉴_마카 #셀링뉴_아르기닌 #셀링뉴 #협찬 #patrick #patrick_wear #페트릭 #페트릭웨어 #모자 #협찬 #오운완 #꾸준함이답이다 #협찬.ninez_official #협찬.hdex__official #에이치덱스 #hdex #hdx #오운완 #협찬 #에이치덱스 #hdex #hdx #광고.#스테디니스 #stdn #협찬.betterthanlife_official #케라에너지크림 ,어덜트온리,0.04463218426774518
#어덜트온리 #짐웨어 #짐웨어추천 #머슬핏 #협찬 #협찬 #서비푸드 #seobifood #paciencia #파시엔시아 #협찬 #짐랫 #짐웨어브랜드 #짐웨어브랜드추천 #협찬 #오리지널스포츠 #originalsports #midnightwalk #협찬 #NS #NS웨이프로틴 #프로틴보충제 #단백질보충제 #ns포대유청 #오운완 #레비아탄 #LEVIATAN#드롭세트핀 #드롭핀 #드랍세트핀 #협찬 #아르기닌 #아르게이지 #협찬 #유피라운지 #uplounge #uplg #짐웨어 #광고 #개근질마트 #GGJ #머슬그랑프리.MUSCLE #협찬 #협찬 #짐웨어 #머슬핏 #협찬 #식단 #다이어트식단 #식단도시락 #쭌스밀 #제품협찬광고.immunelab_official_ #협찬.himchan_doctors #협찬.ninez_official #협찬.lype.co.kr #LYPE #오운완 #트레이닝팬츠 #트레이닝바지 #짐웨어추천 #제품협찬 #협찬.hdex__official #협찬.peacepeace.official #협찬.wpls_mall #WpLS #위플러스몰 #위플러스헤어밴드 #스쿼트 #너무무거워 #어려워 #셀링뉴_류신 #셀링뉴_마카 #셀링뉴_아르기닌 #셀링뉴 #협찬 #patrick #patrick_wear #페트릭 #페트릭웨어 #모자 #협찬 #오운완 #꾸준함이답이다 #협찬.ninez_official #협찬.hdex__official #에이치덱스 #hdex #hdx #오운완 #협찬 #에이치덱스 #hdex #hdx #광고.#스테디니스 #stdn #협찬.betterthanlife_official #케라에너지크림 ,어려워,0.04463218426774518
#어덜트온리 #짐웨어 #짐웨어추천 #머슬핏 #협찬 #협찬 #서비푸드 #seobifood #paciencia #파시엔시아 #협찬 #짐랫 #짐웨어브랜드 #짐웨어브랜드추천 #협찬 #오리지널스포츠 #originalsports #midnightwalk #협찬 #NS #NS웨이프로틴 #프로틴보충제 #단백질보충제 #ns포대유청 #오운완 #레비아탄 #LEVIATAN#드롭세트핀 #드롭핀 #드랍세트핀 #협찬 #아르기닌 #아르게이지 #협찬 #유피라운지 #uplounge #uplg #짐웨어 #광고 #개근질마트 #GGJ #머슬그랑프리.MUSCLE #협찬 #협찬 #짐웨어 #머슬핏 #협찬 #식단 #다이어트식단 #식단도시락 #쭌스밀 #제품협찬광고.immunelab_official_ #협찬.himchan_doctors #협찬.ninez_official #협찬.lype.co.kr #LYPE #오운완 #트레이닝팬츠 #트레이닝바지 #짐웨어추천 #제품협찬 #협찬.hdex__official #협찬.peacepeace.official #협찬.wpls_mall #WpLS #위플러스몰 #위플러스헤어밴드 #스쿼트 #너무무거워 #어려워 #셀링뉴_류신 #셀링뉴_마카 #셀링뉴_아르기닌 #셀링뉴 #협찬 #patrick #patrick_wear #페트릭 #페트릭웨어 #모자 #협찬 #오운완 #꾸준함이답이다 #협찬.ninez_official #협찬.hdex__official #에이치덱스 #hdex #hdx #오운완 #협찬 #에이치덱스 #hdex #hdx #광고.#스테디니스 #stdn #협찬.betterthanlife_official #케라에너지크림 ,에너지,0.04463218426774518
#어덜트온리 #짐웨어 #짐웨어추천 #머슬핏 #협찬 #협찬 #서비푸드 #seobifood #paciencia #파시엔시아 #협찬 #짐랫 #짐웨어브랜드 #짐웨어브랜드추천 #협찬 #오리지널스포츠 #originalsports #midnightwalk #협찬 #NS #NS웨이프로틴 #프로틴보충제 #단백질보충제 #ns포대유청 #오운완 #레비아탄 #LEVIATAN#드롭세트핀 #드롭핀 #드랍세트핀 #협찬 #아르기닌 #아르게이지 #협찬 #유피라운지 #uplounge #uplg #짐웨어 #광고 #개근질마트 #GGJ #머슬그랑프리.MUSCLE #협찬 #협찬 #짐웨어 #머슬핏 #협찬 #식단 #다이어트식단 #식단도시락 #쭌스밀 #제품협찬광고.immunelab_official_ #협찬.himchan_doctors #협찬.ninez_official #협찬.lype.co.kr #LYPE #오운완 #트레이닝팬츠 #트레이닝바지 #짐웨어추천 #제품협찬 #협찬.hdex__official #협찬.peacepeace.official #협찬.wpls_mall #WpLS #위플러스몰 #위플러스헤어밴드 #스쿼트 #너무무거워 #어려워 #셀링뉴_류신 #셀링뉴_마카 #셀링뉴_아르기닌 #셀링뉴 #협찬 #patrick #patrick_wear #페트릭 #페트릭웨어 #모자 #협찬 #오운완 #꾸준함이답이다 #협찬.ninez_official #협찬.hdex__official #에이치덱스 #hdex #hdx #오운완 #협찬 #에이치덱스 #hdex #hdx #광고.#스테디니스 #stdn #협찬.betterthanlife_official #케라에너지크림 ,오리지널스포츠,0.04463218426774518
#어덜트온리 #짐웨어 #짐웨어추천 #머슬핏 #협찬 #협찬 #서비푸드 #seobifood #paciencia #파시엔시아 #협찬 #짐랫 #짐웨어브랜드 #짐웨어브랜드추천 #협찬 #오리지널스포츠 #originalsports #midnightwalk #협찬 #NS #NS웨이프로틴 #프로틴보충제 #단백질보충제 #ns포대유청 #오운완 #레비아탄 #LEVIATAN#드롭세트핀 #드롭핀 #드랍세트핀 #협찬 #아르기닌 #아르게이지 #협찬 #유피라운지 #uplounge #uplg #짐웨어 #광고 #개근질마트 #GGJ #머슬그랑프리.MUSCLE #협찬 #협찬 #짐웨어 #머슬핏 #협찬 #식단 #다이어트식단 #식단도시락 #쭌스밀 #제품협찬광고.immunelab_official_ #협찬.himchan_doctors #협찬.ninez_official #협찬.lype.co.kr #LYPE #오운완 #트레이닝팬츠 #트레이닝바지 #짐웨어추천 #제품협찬 #협찬.hdex__official #협찬.peacepeace.official #협찬.wpls_mall #WpLS #위플러스몰 #위플러스헤어밴드 #스쿼트 #너무무거워 #어려워 #셀링뉴_류신 #셀링뉴_마카 #셀링뉴_아르기닌 #셀링뉴 #협찬 #patrick #patrick_wear #페트릭 #페트릭웨어 #모자 #협찬 #오운완 #꾸준함이답이다 #협찬.ninez_official #협찬.hdex__official #에이치덱스 #hdex #hdx #오운완 #협찬 #에이치덱스 #hdex #hdx #광고.#스테디니스 #stdn #협찬.betterthanlife_official #케라에너지크림 ,제품협찬,0.04463218426774518
#어덜트온리 #짐웨어 #짐웨어추천 #머슬핏 #협찬 #협찬 #서비푸드 #seobifood #paciencia #파시엔시아 #협찬 #짐랫 #짐웨어브랜드 #짐웨어브랜드추천 #협찬 #오리지널스포츠 #originalsports #midnightwalk #협찬 #NS #NS웨이프로틴 #프로틴보충제 #단백질보충제 #ns포대유청 #오운완 #레비아탄 #LEVIATAN#드롭세트핀 #드롭핀 #드랍세트핀 #협찬 #아르기닌 #아르게이지 #협찬 #유피라운지 #uplounge #uplg #짐웨어 #광고 #개근질마트 #GGJ #머슬그랑프리.MUSCLE #협찬 #협찬 #짐웨어 #머슬핏 #협찬 #식단 #다이어트식단 #식단도시락 #쭌스밀 #제품협찬광고.immunelab_official_ #협찬.himchan_doctors #협찬.ninez_official #협찬.lype.co.kr #LYPE #오운완 #트레이닝팬츠 #트레이닝바지 #짐웨어추천 #제품협찬 #협찬.hdex__official #협찬.peacepeace.official #협찬.wpls_mall #WpLS #위플러스몰 #위플러스헤어밴드 #스쿼트 #너무무거워 #어려워 #셀링뉴_류신 #셀링뉴_마카 #셀링뉴_아르기닌 #셀링뉴 #협찬 #patrick #patrick_wear #페트릭 #페트릭웨어 #모자 #협찬 #오운완 #꾸준함이답이다 #협찬.ninez_official #협찬.hdex__official #에이치덱스 #hdex #hdx #오운완 #협찬 #에이치덱스 #hdex #hdx #광고.#스테디니스 #stdn #협찬.betterthanlife_official #케라에너지크림 ,위플러스헤어밴드,0.04463218426774518
#어덜트온리 #짐웨어 #짐웨어추천 #머슬핏 #협찬 #협찬 #서비푸드 #seobifood #paciencia #파시엔시아 #협찬 #짐랫 #짐웨어브랜드 #짐웨어브랜드추천 #협찬 #오리지널스포츠 #originalsports #midnightwalk #협찬 #NS #NS웨이프로틴 #프로틴보충제 #단백질보충제 #ns포대유청 #오운완 #레비아탄 #LEVIATAN#드롭세트핀 #드롭핀 #드랍세트핀 #협찬 #아르기닌 #아르게이지 #협찬 #유피라운지 #uplounge #uplg #짐웨어 #광고 #개근질마트 #GGJ #머슬그랑프리.MUSCLE #협찬 #협찬 #짐웨어 #머슬핏 #협찬 #식단 #다이어트식단 #식단도시락 #쭌스밀 #제품협찬광고.immunelab_official_ #협찬.himchan_doctors #협찬.ninez_official #협찬.lype.co.kr #LYPE #오운완 #트레이닝팬츠 #트레이닝바지 #짐웨어추천 #제품협찬 #협찬.hdex__official #협찬.peacepeace.official #협찬.wpls_mall #WpLS #위플러스몰 #위플러스헤어밴드 #스쿼트 #너무무거워 #어려워 #셀링뉴_류신 #셀링뉴_마카 #셀링뉴_아르기닌 #셀링뉴 #협찬 #patrick #patrick_wear #페트릭 #페트릭웨어 #모자 #협찬 #오운완 #꾸준함이답이다 #협찬.ninez_official #협찬.hdex__official #에이치덱스 #hdex #hdx #오운완 #협찬 #에이치덱스 #hdex #hdx #광고.#스테디니스 #stdn #협찬.betterthanlife_official #케라에너지크림 ,유피라운지,0.04463218426774518
#어덜트온리 #짐웨어 #짐웨어추천 #머슬핏 #협찬 #협찬 #서비푸드 #seobifood #paciencia #파시엔시아 #협찬 #짐랫 #짐웨어브랜드 #짐웨어브랜드추천 #협찬 #오리지널스포츠 #originalsports #midnightwalk #협찬 #NS #NS웨이프로틴 #프로틴보충제 #단백질보충제 #ns포대유청 #오운완 #레비아탄 #LEVIATAN#드롭세트핀 #드롭핀 #드랍세트핀 #협찬 #아르기닌 #아르게이지 #협찬 #유피라운지 #uplounge #uplg #짐웨어 #광고 #개근질마트 #GGJ #머슬그랑프리.MUSCLE #협찬 #협찬 #짐웨어 #머슬핏 #협찬 #식단 #다이어트식단 #식단도시락 #쭌스밀 #제품협찬광고.immunelab_official_ #협찬.himchan_doctors #협찬.ninez_official #협찬.lype.co.kr #LYPE #오운완 #트레이닝팬츠 #트레이닝바지 #짐웨어추천 #제품협찬 #협찬.hdex__official #협찬.peacepeace.official #협찬.wpls_mall #WpLS #위플러스몰 #위플러스헤어밴드 #스쿼트 #너무무거워 #어려워 #셀링뉴_류신 #셀링뉴_마카 #셀링뉴_아르기닌 #셀링뉴 #협찬 #patrick #patrick_wear #페트릭 #페트릭웨어 #모자 #협찬 #오운완 #꾸준함이답이다 #협찬.ninez_official #협찬.hdex__official #에이치덱스 #hdex #hdx #오운완 #협찬 #에이치덱스 #hdex #hdx #광고.#스테디니스 #stdn #협찬.betterthanlife_official #케라에너지크림 ,세트,0.04463218426774518
#어덜트온리 #짐웨어 #짐웨어추천 #머슬핏 #협찬 #협찬 #서비푸드 #seobifood #paciencia #파시엔시아 #협찬 #짐랫 #짐웨어브랜드 #짐웨어브랜드추천 #협찬 #오리지널스포츠 #originalsports #midnightwalk #협찬 #NS #NS웨이프로틴 #프로틴보충제 #단백질보충제 #ns포대유청 #오운완 #레비아탄 #LEVIATAN#드롭세트핀 #드롭핀 #드랍세트핀 #협찬 #아르기닌 #아르게이지 #협찬 #유피라운지 #uplounge #uplg #짐웨어 #광고 #개근질마트 #GGJ #머슬그랑프리.MUSCLE #협찬 #협찬 #짐웨어 #머슬핏 #협찬 #식단 #다이어트식단 #식단도시락 #쭌스밀 #제품협찬광고.immunelab_official_ #협찬.himchan_doctors #협찬.ninez_official #협찬.lype.co.kr #LYPE #오운완 #트레이닝팬츠 #트레이닝바지 #짐웨어추천 #제품협찬 #협찬.hdex__official #협찬.peacepeace.official #협찬.wpls_mall #WpLS #위플러스몰 #위플러스헤어밴드 #스쿼트 #너무무거워 #어려워 #셀링뉴_류신 #셀링뉴_마카 #셀링뉴_아르기닌 #셀링뉴 #협찬 #patrick #patrick_wear #페트릭 #페트릭웨어 #모자 #협찬 #오운완 #꾸준함이답이다 #협찬.ninez_official #협찬.hdex__official #에이치덱스 #hdex #hdx #오운완 #협찬 #에이치덱스 #hdex #hdx #광고.#스테디니스 #stdn #협찬.betterthanlife_official #케라에너지크림 ,제품협찬광고,0.04463218426774518
#어덜트온리 #짐웨어 #짐웨어추천 #머슬핏 #협찬 #협찬 #서비푸드 #seobifood #paciencia #파시엔시아 #협찬 #짐랫 #짐웨어브랜드 #짐웨어브랜드추천 #협찬 #오리지널스포츠 #originalsports #midnightwalk #협찬 #NS #NS웨이프로틴 #프로틴보충제 #단백질보충제 #ns포대유청 #오운완 #레비아탄 #LEVIATAN#드롭세트핀 #드롭핀 #드랍세트핀 #협찬 #아르기닌 #아르게이지 #협찬 #유피라운지 #uplounge #uplg #짐웨어 #광고 #개근질마트 #GGJ #머슬그랑프리.MUSCLE #협찬 #협찬 #짐웨어 #머슬핏 #협찬 #식단 #다이어트식단 #식단도시락 #쭌스밀 #제품협찬광고.immunelab_official_ #협찬.himchan_doctors #협찬.ninez_official #협찬.lype.co.kr #LYPE #오운완 #트레이닝팬츠 #트레이닝바지 #짐웨어추천 #제품협찬 #협찬.hdex__official #협찬.peacepeace.official #협찬.wpls_mall #WpLS #위플러스몰 #위플러스헤어밴드 #스쿼트 #너무무거워 #어려워 #셀링뉴_류신 #셀링뉴_마카 #셀링뉴_아르기닌 #셀링뉴 #협찬 #patrick #patrick_wear #페트릭 #페트릭웨어 #모자 #협찬 #오운완 #꾸준함이답이다 #협찬.ninez_official #협찬.hdex__official #에이치덱스 #hdex #hdx #오운완 #협찬 #에이치덱스 #hdex #hdx #광고.#스테디니스 #stdn #협찬.betterthanlife_official #케라에너지크림 ,짐웨어브랜드,0.04463218426774518
#어덜트온리 #짐웨어 #짐웨어추천 #머슬핏 #협찬 #협찬 #서비푸드 #seobifood #paciencia #파시엔시아 #협찬 #짐랫 #짐웨어브랜드 #짐웨어브랜드추천 #협찬 #오리지널스포츠 #originalsports #midnightwalk #협찬 #NS #NS웨이프로틴 #프로틴보충제 #단백질보충제 #ns포대유청 #오운완 #레비아탄 #LEVIATAN#드롭세트핀 #드롭핀 #드랍세트핀 #협찬 #아르기닌 #아르게이지 #협찬 #유피라운지 #uplounge #uplg #짐웨어 #광고 #개근질마트 #GGJ #머슬그랑프리.MUSCLE #협찬 #협찬 #짐웨어 #머슬핏 #협찬 #식단 #다이어트식단 #식단도시락 #쭌스밀 #제품협찬광고.immunelab_official_ #협찬.himchan_doctors #협찬.ninez_official #협찬.lype.co.kr #LYPE #오운완 #트레이닝팬츠 #트레이닝바지 #짐웨어추천 #제품협찬 #협찬.hdex__official #협찬.peacepeace.official #협찬.wpls_mall #WpLS #위플러스몰 #위플러스헤어밴드 #스쿼트 #너무무거워 #어려워 #셀링뉴_류신 #셀링뉴_마카 #셀링뉴_아르기닌 #셀링뉴 #협찬 #patrick #patrick_wear #페트릭 #페트릭웨어 #모자 #협찬 #오운완 #꾸준함이답이다 #협찬.ninez_official #협찬.hdex__official #에이치덱스 #hdex #hdx #오운완 #협찬 #에이치덱스 #hdex #hdx #광고.#스테디니스 #stdn #협찬.betterthanlife_official #케라에너지크림 ,짐웨어브랜드추천,0.04463218426774518
#어덜트온리 #짐웨어 #짐웨어추천 #머슬핏 #협찬 #협찬 #서비푸드 #seobifood #paciencia #파시엔시아 #협찬 #짐랫 #짐웨어브랜드 #짐웨어브랜드추천 #협찬 #오리지널스포츠 #originalsports #midnightwalk #협찬 #NS #NS웨이프로틴 #프로틴보충제 #단백질보충제 #ns포대유청 #오운완 #레비아탄 #LEVIATAN#드롭세트핀 #드롭핀 #드랍세트핀 #협찬 #아르기닌 #아르게이지 #협찬 #유피라운지 #uplounge #uplg #짐웨어 #광고 #개근질마트 #GGJ #머슬그랑프리.MUSCLE #협찬 #협찬 #짐웨어 #머슬핏 #협찬 #식단 #다이어트식단 #식단도시락 #쭌스밀 #제품협찬광고.immunelab_official_ #협찬.himchan_doctors #협찬.ninez_official #협찬.lype.co.kr #LYPE #오운완 #트레이닝팬츠 #트레이닝바지 #짐웨어추천 #제품협찬 #협찬.hdex__official #협찬.peacepeace.official #협찬.wpls_mall #WpLS #위플러스몰 #위플러스헤어밴드 #스쿼트 #너무무거워 #어려워 #셀링뉴_류신 #셀링뉴_마카 #셀링뉴_아르기닌 #셀링뉴 #협찬 #patrick #patrick_wear #페트릭 #페트릭웨어 #모자 #협찬 #오운완 #꾸준함이답이다 #협찬.ninez_official #협찬.hdex__official #에이치덱스 #hdex #hdx #오운완 #협찬 #에이치덱스 #hdex #hdx #광고.#스테디니스 #stdn #협찬.betterthanlife_official #케라에너지크림 ,짐웨어추천,0.04463218426774518
#어덜트온리 #짐웨어 #짐웨어추천 #머슬핏 #협찬 #협찬 #서비푸드 #seobifood #paciencia #파시엔시아 #협찬 #짐랫 #짐웨어브랜드 #짐웨어브랜드추천 #협찬 #오리지널스포츠 #originalsports #midnightwalk #협찬 #NS #NS웨이프로틴 #프로틴보충제 #단백질보충제 #ns포대유청 #오운완 #레비아탄 #LEVIATAN#드롭세트핀 #드롭핀 #드랍세트핀 #협찬 #아르기닌 #아르게이지 #협찬 #유피라운지 #uplounge #uplg #짐웨어 #광고 #개근질마트 #GGJ #머슬그랑프리.MUSCLE #협찬 #협찬 #짐웨어 #머슬핏 #협찬 #식단 #다이어트식단 #식단도시락 #쭌스밀 #제품협찬광고.immunelab_official_ #협찬.himchan_doctors #협찬.ninez_official #협찬.lype.co.kr #LYPE #오운완 #트레이닝팬츠 #트레이닝바지 #짐웨어추천 #제품협찬 #협찬.hdex__official #협찬.peacepeace.official #협찬.wpls_mall #WpLS #위플러스몰 #위플러스헤어밴드 #스쿼트 #너무무거워 #어려워 #셀링뉴_류신 #셀링뉴_마카 #셀링뉴_아르기닌 #셀링뉴 #협찬 #patrick #patrick_wear #페트릭 #페트릭웨어 #모자 #협찬 #오운완 #꾸준함이답이다 #협찬.ninez_official #협찬.hdex__official #에이치덱스 #hdex #hdx #오운완 #협찬 #에이치덱스 #hdex #hdx #광고.#스테디니스 #stdn #협찬.betterthanlife_official #케라에너지크림 ,추천,0.04463218426774518
#어덜트온리 #짐웨어 #짐웨어추천 #머슬핏 #협찬 #협찬 #서비푸드 #seobifood #paciencia #파시엔시아 #협찬 #짐랫 #짐웨어브랜드 #짐웨어브랜드추천 #협찬 #오리지널스포츠 #originalsports #midnightwalk #협찬 #NS #NS웨이프로틴 #프로틴보충제 #단백질보충제 #ns포대유청 #오운완 #레비아탄 #LEVIATAN#드롭세트핀 #드롭핀 #드랍세트핀 #협찬 #아르기닌 #아르게이지 #협찬 #유피라운지 #uplounge #uplg #짐웨어 #광고 #개근질마트 #GGJ #머슬그랑프리.MUSCLE #협찬 #협찬 #짐웨어 #머슬핏 #협찬 #식단 #다이어트식단 #식단도시락 #쭌스밀 #제품협찬광고.immunelab_official_ #협찬.himchan_doctors #협찬.ninez_official #협찬.lype.co.kr #LYPE #오운완 #트레이닝팬츠 #트레이닝바지 #짐웨어추천 #제품협찬 #협찬.hdex__official #협찬.peacepeace.official #협찬.wpls_mall #WpLS #위플러스몰 #위플러스헤어밴드 #스쿼트 #너무무거워 #어려워 #셀링뉴_류신 #셀링뉴_마카 #셀링뉴_아르기닌 #셀링뉴 #협찬 #patrick #patrick_wear #페트릭 #페트릭웨어 #모자 #협찬 #오운완 #꾸준함이답이다 #협찬.ninez_official #협찬.hdex__official #에이치덱스 #hdex #hdx #오운완 #협찬 #에이치덱스 #hdex #hdx #광고.#스테디니스 #stdn #협찬.betterthanlife_official #케라에너지크림 ,크림,0.04463218426774518
#어덜트온리 #짐웨어 #짐웨어추천 #머슬핏 #협찬 #협찬 #서비푸드 #seobifood #paciencia #파시엔시아 #협찬 #짐랫 #짐웨어브랜드 #짐웨어브랜드추천 #협찬 #오리지널스포츠 #originalsports #midnightwalk #협찬 #NS #NS웨이프로틴 #프로틴보충제 #단백질보충제 #ns포대유청 #오운완 #레비아탄 #LEVIATAN#드롭세트핀 #드롭핀 #드랍세트핀 #협찬 #아르기닌 #아르게이지 #협찬 #유피라운지 #uplounge #uplg #짐웨어 #광고 #개근질마트 #GGJ #머슬그랑프리.MUSCLE #협찬 #협찬 #짐웨어 #머슬핏 #협찬 #식단 #다이어트식단 #식단도시락 #쭌스밀 #제품협찬광고.immunelab_official_ #협찬.himchan_doctors #협찬.ninez_official #협찬.lype.co.kr #LYPE #오운완 #트레이닝팬츠 #트레이닝바지 #짐웨어추천 #제품협찬 #협찬.hdex__official #협찬.peacepeace.official #협찬.wpls_mall #WpLS #위플러스몰 #위플러스헤어밴드 #스쿼트 #너무무거워 #어려워 #셀링뉴_류신 #셀링뉴_마카 #셀링뉴_아르기닌 #셀링뉴 #협찬 #patrick #patrick_wear #페트릭 #페트릭웨어 #모자 #협찬 #오운완 #꾸준함이답이다 #협찬.ninez_official #협찬.hdex__official #에이치덱스 #hdex #hdx #오운완 #협찬 #에이치덱스 #hdex #hdx #광고.#스테디니스 #stdn #협찬.betterthanlife_official #케라에너지크림 ,트레이닝바지,0.04463218426774518
#어덜트온리 #짐웨어 #짐웨어추천 #머슬핏 #협찬 #협찬 #서비푸드 #seobifood #paciencia #파시엔시아 #협찬 #짐랫 #짐웨어브랜드 #짐웨어브랜드추천 #협찬 #오리지널스포츠 #originalsports #midnightwalk #협찬 #NS #NS웨이프로틴 #프로틴보충제 #단백질보충제 #ns포대유청 #오운완 #레비아탄 #LEVIATAN#드롭세트핀 #드롭핀 #드랍세트핀 #협찬 #아르기닌 #아르게이지 #협찬 #유피라운지 #uplounge #uplg #짐웨어 #광고 #개근질마트 #GGJ #머슬그랑프리.MUSCLE #협찬 #협찬 #짐웨어 #머슬핏 #협찬 #식단 #다이어트식단 #식단도시락 #쭌스밀 #제품협찬광고.immunelab_official_ #협찬.himchan_doctors #협찬.ninez_official #협찬.lype.co.kr #LYPE #오운완 #트레이닝팬츠 #트레이닝바지 #짐웨어추천 #제품협찬 #협찬.hdex__official #협찬.peacepeace.official #협찬.wpls_mall #WpLS #위플러스몰 #위플러스헤어밴드 #스쿼트 #너무무거워 #어려워 #셀링뉴_류신 #셀링뉴_마카 #셀링뉴_아르기닌 #셀링뉴 #협찬 #patrick #patrick_wear #페트릭 #페트릭웨어 #모자 #협찬 #오운완 #꾸준함이답이다 #협찬.ninez_official #협찬.hdex__official #에이치덱스 #hdex #hdx #오운완 #협찬 #에이치덱스 #hdex #hdx #광고.#스테디니스 #stdn #협찬.betterthanlife_official #케라에너지크림 ,트레이닝팬츠,0.04463218426774518
#어덜트온리 #짐웨어 #짐웨어추천 #머슬핏 #협찬 #협찬 #서비푸드 #seobifood #paciencia #파시엔시아 #협찬 #짐랫 #짐웨어브랜드 #짐웨어브랜드추천 #협찬 #오리지널스포츠 #originalsports #midnightwalk #협찬 #NS #NS웨이프로틴 #프로틴보충제 #단백질보충제 #ns포대유청 #오운완 #레비아탄 #LEVIATAN#드롭세트핀 #드롭핀 #드랍세트핀 #협찬 #아르기닌 #아르게이지 #협찬 #유피라운지 #uplounge #uplg #짐웨어 #광고 #개근질마트 #GGJ #머슬그랑프리.MUSCLE #협찬 #협찬 #짐웨어 #머슬핏 #협찬 #식단 #다이어트식단 #식단도시락 #쭌스밀 #제품협찬광고.immunelab_official_ #협찬.himchan_doctors #협찬.ninez_official #협찬.lype.co.kr #LYPE #오운완 #트레이닝팬츠 #트레이닝바지 #짐웨어추천 #제품협찬 #협찬.hdex__official #협찬.peacepeace.official #협찬.wpls_mall #WpLS #위플러스몰 #위플러스헤어밴드 #스쿼트 #너무무거워 #어려워 #셀링뉴_류신 #셀링뉴_마카 #셀링뉴_아르기닌 #셀링뉴 #협찬 #patrick #patrick_wear #페트릭 #페트릭웨어 #모자 #협찬 #오운완 #꾸준함이답이다 #협찬.ninez_official #협찬.hdex__official #에이치덱스 #hdex #hdx #오운완 #협찬 #에이치덱스 #hdex #hdx #광고.#스테디니스 #stdn #협찬.betterthanlife_official #케라에너지크림 ,파시엔시아,0.04463218426774518
#어덜트온리 #짐웨어 #짐웨어추천 #머슬핏 #협찬 #협찬 #서비푸드 #seobifood #paciencia #파시엔시아 #협찬 #짐랫 #짐웨어브랜드 #짐웨어브랜드추천 #협찬 #오리지널스포츠 #originalsports #midnightwalk #협찬 #NS #NS웨이프로틴 #프로틴보충제 #단백질보충제 #ns포대유청 #오운완 #레비아탄 #LEVIATAN#드롭세트핀 #드롭핀 #드랍세트핀 #협찬 #아르기닌 #아르게이지 #협찬 #유피라운지 #uplounge #uplg #짐웨어 #광고 #개근질마트 #GGJ #머슬그랑프리.MUSCLE #협찬 #협찬 #짐웨어 #머슬핏 #협찬 #식단 #다이어트식단 #식단도시락 #쭌스밀 #제품협찬광고.immunelab_official_ #협찬.himchan_doctors #협찬.ninez_official #협찬.lype.co.kr #LYPE #오운완 #트레이닝팬츠 #트레이닝바지 #짐웨어추천 #제품협찬 #협찬.hdex__official #협찬.peacepeace.official #협찬.wpls_mall #WpLS #위플러스몰 #위플러스헤어밴드 #스쿼트 #너무무거워 #어려워 #셀링뉴_류신 #셀링뉴_마카 #셀링뉴_아르기닌 #셀링뉴 #협찬 #patrick #patrick_wear #페트릭 #페트릭웨어 #모자 #협찬 #오운완 #꾸준함이답이다 #협찬.ninez_official #협찬.hdex__official #에이치덱스 #hdex #hdx #오운완 #협찬 #에이치덱스 #hdex #hdx #광고.#스테디니스 #stdn #협찬.betterthanlife_official #케라에너지크림 ,프로틴보충제,0.04463218426774518
#어덜트온리 #짐웨어 #짐웨어추천 #머슬핏 #협찬 #협찬 #서비푸드 #seobifood #paciencia #파시엔시아 #협찬 #짐랫 #짐웨어브랜드 #짐웨어브랜드추천 #협찬 #오리지널스포츠 #originalsports #midnightwalk #협찬 #NS #NS웨이프로틴 #프로틴보충제 #단백질보충제 #ns포대유청 #오운완 #레비아탄 #LEVIATAN#드롭세트핀 #드롭핀 #드랍세트핀 #협찬 #아르기닌 #아르게이지 #협찬 #유피라운지 #uplounge #uplg #짐웨어 #광고 #개근질마트 #GGJ #머슬그랑프리.MUSCLE #협찬 #협찬 #짐웨어 #머슬핏 #협찬 #식단 #다이어트식단 #식단도시락 #쭌스밀 #제품협찬광고.immunelab_official_ #협찬.himchan_doctors #협찬.ninez_official #협찬.lype.co.kr #LYPE #오운완 #트레이닝팬츠 #트레이닝바지 #짐웨어추천 #제품협찬 #협찬.hdex__official #협찬.peacepeace.official #협찬.wpls_mall #WpLS #위플러스몰 #위플러스헤어밴드 #스쿼트 #너무무거워 #어려워 #셀링뉴_류신 #셀링뉴_마카 #셀링뉴_아르기닌 #셀링뉴 #협찬 #patrick #patrick_wear #페트릭 #페트릭웨어 #모자 #협찬 #오운완 #꾸준함이답이다 #협찬.ninez_official #협찬.hdex__official #에이치덱스 #hdex #hdx #오운완 #협찬 #에이치덱스 #hdex #hdx #광고.#스테디니스 #stdn #협찬.betterthanlife_official #케라에너지크림 ,셀링뉴,0.04463218426774518
#어덜트온리 #짐웨어 #짐웨어추천 #머슬핏 #협찬 #협찬 #서비푸드 #seobifood #paciencia #파시엔시아 #협찬 #짐랫 #짐웨어브랜드 #짐웨어브랜드추천 #협찬 #오리지널스포츠 #originalsports #midnightwalk #협찬 #NS #NS웨이프로틴 #프로틴보충제 #단백질보충제 #ns포대유청 #오운완 #레비아탄 #LEVIATAN#드롭세트핀 #드롭핀 #드랍세트핀 #협찬 #아르기닌 #아르게이지 #협찬 #유피라운지 #uplounge #uplg #짐웨어 #광고 #개근질마트 #GGJ #머슬그랑프리.MUSCLE #협찬 #협찬 #짐웨어 #머슬핏 #협찬 #식단 #다이어트식단 #식단도시락 #쭌스밀 #제품협찬광고.immunelab_official_ #협찬.himchan_doctors #협찬.ninez_official #협찬.lype.co.kr #LYPE #오운완 #트레이닝팬츠 #트레이닝바지 #짐웨어추천 #제품협찬 #협찬.hdex__official #협찬.peacepeace.official #협찬.wpls_mall #WpLS #위플러스몰 #위플러스헤어밴드 #스쿼트 #너무무거워 #어려워 #셀링뉴_류신 #셀링뉴_마카 #셀링뉴_아르기닌 #셀링뉴 #협찬 #patrick #patrick_wear #페트릭 #페트릭웨어 #모자 #협찬 #오운완 #꾸준함이답이다 #협찬.ninez_official #협찬.hdex__official #에이치덱스 #hdex #hdx #오운완 #협찬 #에이치덱스 #hdex #hdx #광고.#스테디니스 #stdn #협찬.betterthanlife_official #케라에너지크림 ,betterthanlife_official,0.04463218426774518
#어덜트온리 #짐웨어 #짐웨어추천 #머슬핏 #협찬 #협찬 #서비푸드 #seobifood #paciencia #파시엔시아 #협찬 #짐랫 #짐웨어브랜드 #짐웨어브랜드추천 #협찬 #오리지널스포츠 #originalsports #midnightwalk #협찬 #NS #NS웨이프로틴 #프로틴보충제 #단백질보충제 #ns포대유청 #오운완 #레비아탄 #LEVIATAN#드롭세트핀 #드롭핀 #드랍세트핀 #협찬 #아르기닌 #아르게이지 #협찬 #유피라운지 #uplounge #uplg #짐웨어 #광고 #개근질마트 #GGJ #머슬그랑프리.MUSCLE #협찬 #협찬 #짐웨어 #머슬핏 #협찬 #식단 #다이어트식단 #식단도시락 #쭌스밀 #제품협찬광고.immunelab_official_ #협찬.himchan_doctors #협찬.ninez_official #협찬.lype.co.kr #LYPE #오운완 #트레이닝팬츠 #트레이닝바지 #짐웨어추천 #제품협찬 #협찬.hdex__official #협찬.peacepeace.official #협찬.wpls_mall #WpLS #위플러스몰 #위플러스헤어밴드 #스쿼트 #너무무거워 #어려워 #셀링뉴_류신 #셀링뉴_마카 #셀링뉴_아르기닌 #셀링뉴 #협찬 #patrick #patrick_wear #페트릭 #페트릭웨어 #모자 #협찬 #오운완 #꾸준함이답이다 #협찬.ninez_official #협찬.hdex__official #에이치덱스 #hdex #hdx #오운완 #협찬 #에이치덱스 #hdex #hdx #광고.#스테디니스 #stdn #협찬.betterthanlife_official #케라에너지크림 ,서비푸드,0.04463218426774518
#어덜트온리 #짐웨어 #짐웨어추천 #머슬핏 #협찬 #협찬 #서비푸드 #seobifood #paciencia #파시엔시아 #협찬 #짐랫 #짐웨어브랜드 #짐웨어브랜드추천 #협찬 #오리지널스포츠 #originalsports #midnightwalk #협찬 #NS #NS웨이프로틴 #프로틴보충제 #단백질보충제 #ns포대유청 #오운완 #레비아탄 #LEVIATAN#드롭세트핀 #드롭핀 #드랍세트핀 #협찬 #아르기닌 #아르게이지 #협찬 #유피라운지 #uplounge #uplg #짐웨어 #광고 #개근질마트 #GGJ #머슬그랑프리.MUSCLE #협찬 #협찬 #짐웨어 #머슬핏 #협찬 #식단 #다이어트식단 #식단도시락 #쭌스밀 #제품협찬광고.immunelab_official_ #협찬.himchan_doctors #협찬.ninez_official #협찬.lype.co.kr #LYPE #오운완 #트레이닝팬츠 #트레이닝바지 #짐웨어추천 #제품협찬 #협찬.hdex__official #협찬.peacepeace.official #협찬.wpls_mall #WpLS #위플러스몰 #위플러스헤어밴드 #스쿼트 #너무무거워 #어려워 #셀링뉴_류신 #셀링뉴_마카 #셀링뉴_아르기닌 #셀링뉴 #협찬 #patrick #patrick_wear #페트릭 #페트릭웨어 #모자 #협찬 #오운완 #꾸준함이답이다 #협찬.ninez_official #협찬.hdex__official #에이치덱스 #hdex #hdx #오운완 #협찬 #에이치덱스 #hdex #hdx #광고.#스테디니스 #stdn #협찬.betterthanlife_official #케라에너지크림 ,peacepeace,0.04463218426774518
#어덜트온리 #짐웨어 #짐웨어추천 #머슬핏 #협찬 #협찬 #서비푸드 #seobifood #paciencia #파시엔시아 #협찬 #짐랫 #짐웨어브랜드 #짐웨어브랜드추천 #협찬 #오리지널스포츠 #originalsports #midnightwalk #협찬 #NS #NS웨이프로틴 #프로틴보충제 #단백질보충제 #ns포대유청 #오운완 #레비아탄 #LEVIATAN#드롭세트핀 #드롭핀 #드랍세트핀 #협찬 #아르기닌 #아르게이지 #협찬 #유피라운지 #uplounge #uplg #짐웨어 #광고 #개근질마트 #GGJ #머슬그랑프리.MUSCLE #협찬 #협찬 #짐웨어 #머슬핏 #협찬 #식단 #다이어트식단 #식단도시락 #쭌스밀 #제품협찬광고.immunelab_official_ #협찬.himchan_doctors #협찬.ninez_official #협찬.lype.co.kr #LYPE #오운완 #트레이닝팬츠 #트레이닝바지 #짐웨어추천 #제품협찬 #협찬.hdex__official #협찬.peacepeace.official #협찬.wpls_mall #WpLS #위플러스몰 #위플러스헤어밴드 #스쿼트 #너무무거워 #어려워 #셀링뉴_류신 #셀링뉴_마카 #셀링뉴_아르기닌 #셀링뉴 #협찬 #patrick #patrick_wear #페트릭 #페트릭웨어 #모자 #협찬 #오운완 #꾸준함이답이다 #협찬.ninez_official #협찬.hdex__official #에이치덱스 #hdex #hdx #오운완 #협찬 #에이치덱스 #hdex #hdx #광고.#스테디니스 #stdn #협찬.betterthanlife_official #케라에너지크림 ,hdex__official,0.04463218426774518
#어덜트온리 #짐웨어 #짐웨어추천 #머슬핏 #협찬 #협찬 #서비푸드 #seobifood #paciencia #파시엔시아 #협찬 #짐랫 #짐웨어브랜드 #짐웨어브랜드추천 #협찬 #오리지널스포츠 #originalsports #midnightwalk #협찬 #NS #NS웨이프로틴 #프로틴보충제 #단백질보충제 #ns포대유청 #오운완 #레비아탄 #LEVIATAN#드롭세트핀 #드롭핀 #드랍세트핀 #협찬 #아르기닌 #아르게이지 #협찬 #유피라운지 #uplounge #uplg #짐웨어 #광고 #개근질마트 #GGJ #머슬그랑프리.MUSCLE #협찬 #협찬 #짐웨어 #머슬핏 #협찬 #식단 #다이어트식단 #식단도시락 #쭌스밀 #제품협찬광고.immunelab_official_ #협찬.himchan_doctors #협찬.ninez_official #협찬.lype.co.kr #LYPE #오운완 #트레이닝팬츠 #트레이닝바지 #짐웨어추천 #제품협찬 #협찬.hdex__official #협찬.peacepeace.official #협찬.wpls_mall #WpLS #위플러스몰 #위플러스헤어밴드 #스쿼트 #너무무거워 #어려워 #셀링뉴_류신 #셀링뉴_마카 #셀링뉴_아르기닌 #셀링뉴 #협찬 #patrick #patrick_wear #페트릭 #페트릭웨어 #모자 #협찬 #오운완 #꾸준함이답이다 #협찬.ninez_official #협찬.hdex__official #에이치덱스 #hdex #hdx #오운완 #협찬 #에이치덱스 #hdex #hdx #광고.#스테디니스 #stdn #협찬.betterthanlife_official #케라에너지크림 ,hdx,0.04463218426774518
#어덜트온리 #짐웨어 #짐웨어추천 #머슬핏 #협찬 #협찬 #서비푸드 #seobifood #paciencia #파시엔시아 #협찬 #짐랫 #짐웨어브랜드 #짐웨어브랜드추천 #협찬 #오리지널스포츠 #originalsports #midnightwalk #협찬 #NS #NS웨이프로틴 #프로틴보충제 #단백질보충제 #ns포대유청 #오운완 #레비아탄 #LEVIATAN#드롭세트핀 #드롭핀 #드랍세트핀 #협찬 #아르기닌 #아르게이지 #협찬 #유피라운지 #uplounge #uplg #짐웨어 #광고 #개근질마트 #GGJ #머슬그랑프리.MUSCLE #협찬 #협찬 #짐웨어 #머슬핏 #협찬 #식단 #다이어트식단 #식단도시락 #쭌스밀 #제품협찬광고.immunelab_official_ #협찬.himchan_doctors #협찬.ninez_official #협찬.lype.co.kr #LYPE #오운완 #트레이닝팬츠 #트레이닝바지 #짐웨어추천 #제품협찬 #협찬.hdex__official #협찬.peacepeace.official #협찬.wpls_mall #WpLS #위플러스몰 #위플러스헤어밴드 #스쿼트 #너무무거워 #어려워 #셀링뉴_류신 #셀링뉴_마카 #셀링뉴_아르기닌 #셀링뉴 #협찬 #patrick #patrick_wear #페트릭 #페트릭웨어 #모자 #협찬 #오운완 #꾸준함이답이다 #협찬.ninez_official #협찬.hdex__official #에이치덱스 #hdex #hdx #오운완 #협찬 #에이치덱스 #hdex #hdx #광고.#스테디니스 #stdn #협찬.betterthanlife_official #케라에너지크림 ,himchan_doctors,0.04463218426774518
#어덜트온리 #짐웨어 #짐웨어추천 #머슬핏 #협찬 #협찬 #서비푸드 #seobifood #paciencia #파시엔시아 #협찬 #짐랫 #짐웨어브랜드 #짐웨어브랜드추천 #협찬 #오리지널스포츠 #originalsports #midnightwalk #협찬 #NS #NS웨이프로틴 #프로틴보충제 #단백질보충제 #ns포대유청 #오운완 #레비아탄 #LEVIATAN#드롭세트핀 #드롭핀 #드랍세트핀 #협찬 #아르기닌 #아르게이지 #협찬 #유피라운지 #uplounge #uplg #짐웨어 #광고 #개근질마트 #GGJ #머슬그랑프리.MUSCLE #협찬 #협찬 #짐웨어 #머슬핏 #협찬 #식단 #다이어트식단 #식단도시락 #쭌스밀 #제품협찬광고.immunelab_official_ #협찬.himchan_doctors #협찬.ninez_official #협찬.lype.co.kr #LYPE #오운완 #트레이닝팬츠 #트레이닝바지 #짐웨어추천 #제품협찬 #협찬.hdex__official #협찬.peacepeace.official #협찬.wpls_mall #WpLS #위플러스몰 #위플러스헤어밴드 #스쿼트 #너무무거워 #어려워 #셀링뉴_류신 #셀링뉴_마카 #셀링뉴_아르기닌 #셀링뉴 #협찬 #patrick #patrick_wear #페트릭 #페트릭웨어 #모자 #협찬 #오운완 #꾸준함이답이다 #협찬.ninez_official #협찬.hdex__official #에이치덱스 #hdex #hdx #오운완 #협찬 #에이치덱스 #hdex #hdx #광고.#스테디니스 #stdn #협찬.betterthanlife_official #케라에너지크림 ,immunelab_official_,0.04463218426774518
#어덜트온리 #짐웨어 #짐웨어추천 #머슬핏 #협찬 #협찬 #서비푸드 #seobifood #paciencia #파시엔시아 #협찬 #짐랫 #짐웨어브랜드 #짐웨어브랜드추천 #협찬 #오리지널스포츠 #originalsports #midnightwalk #협찬 #NS #NS웨이프로틴 #프로틴보충제 #단백질보충제 #ns포대유청 #오운완 #레비아탄 #LEVIATAN#드롭세트핀 #드롭핀 #드랍세트핀 #협찬 #아르기닌 #아르게이지 #협찬 #유피라운지 #uplounge #uplg #짐웨어 #광고 #개근질마트 #GGJ #머슬그랑프리.MUSCLE #협찬 #협찬 #짐웨어 #머슬핏 #협찬 #식단 #다이어트식단 #식단도시락 #쭌스밀 #제품협찬광고.immunelab_official_ #협찬.himchan_doctors #협찬.ninez_official #협찬.lype.co.kr #LYPE #오운완 #트레이닝팬츠 #트레이닝바지 #짐웨어추천 #제품협찬 #협찬.hdex__official #협찬.peacepeace.official #협찬.wpls_mall #WpLS #위플러스몰 #위플러스헤어밴드 #스쿼트 #너무무거워 #어려워 #셀링뉴_류신 #셀링뉴_마카 #셀링뉴_아르기닌 #셀링뉴 #협찬 #patrick #patrick_wear #페트릭 #페트릭웨어 #모자 #협찬 #오운완 #꾸준함이답이다 #협찬.ninez_official #협찬.hdex__official #에이치덱스 #hdex #hdx #오운완 #협찬 #에이치덱스 #hdex #hdx #광고.#스테디니스 #stdn #협찬.betterthanlife_official #케라에너지크림 ,kr,0.04463218426774518
#어덜트온리 #짐웨어 #짐웨어추천 #머슬핏 #협찬 #협찬 #서비푸드 #seobifood #paciencia #파시엔시아 #협찬 #짐랫 #짐웨어브랜드 #짐웨어브랜드추천 #협찬 #오리지널스포츠 #originalsports #midnightwalk #협찬 #NS #NS웨이프로틴 #프로틴보충제 #단백질보충제 #ns포대유청 #오운완 #레비아탄 #LEVIATAN#드롭세트핀 #드롭핀 #드랍세트핀 #협찬 #아르기닌 #아르게이지 #협찬 #유피라운지 #uplounge #uplg #짐웨어 #광고 #개근질마트 #GGJ #머슬그랑프리.MUSCLE #협찬 #협찬 #짐웨어 #머슬핏 #협찬 #식단 #다이어트식단 #식단도시락 #쭌스밀 #제품협찬광고.immunelab_official_ #협찬.himchan_doctors #협찬.ninez_official #협찬.lype.co.kr #LYPE #오운완 #트레이닝팬츠 #트레이닝바지 #짐웨어추천 #제품협찬 #협찬.hdex__official #협찬.peacepeace.official #협찬.wpls_mall #WpLS #위플러스몰 #위플러스헤어밴드 #스쿼트 #너무무거워 #어려워 #셀링뉴_류신 #셀링뉴_마카 #셀링뉴_아르기닌 #셀링뉴 #협찬 #patrick #patrick_wear #페트릭 #페트릭웨어 #모자 #협찬 #오운완 #꾸준함이답이다 #협찬.ninez_official #협찬.hdex__official #에이치덱스 #hdex #hdx #오운완 #협찬 #에이치덱스 #hdex #hdx #광고.#스테디니스 #stdn #협찬.betterthanlife_official #케라에너지크림 ,midnightwalk,0.04463218426774518
#어덜트온리 #짐웨어 #짐웨어추천 #머슬핏 #협찬 #협찬 #서비푸드 #seobifood #paciencia #파시엔시아 #협찬 #짐랫 #짐웨어브랜드 #짐웨어브랜드추천 #협찬 #오리지널스포츠 #originalsports #midnightwalk #협찬 #NS #NS웨이프로틴 #프로틴보충제 #단백질보충제 #ns포대유청 #오운완 #레비아탄 #LEVIATAN#드롭세트핀 #드롭핀 #드랍세트핀 #협찬 #아르기닌 #아르게이지 #협찬 #유피라운지 #uplounge #uplg #짐웨어 #광고 #개근질마트 #GGJ #머슬그랑프리.MUSCLE #협찬 #협찬 #짐웨어 #머슬핏 #협찬 #식단 #다이어트식단 #식단도시락 #쭌스밀 #제품협찬광고.immunelab_official_ #협찬.himchan_doctors #협찬.ninez_official #협찬.lype.co.kr #LYPE #오운완 #트레이닝팬츠 #트레이닝바지 #짐웨어추천 #제품협찬 #협찬.hdex__official #협찬.peacepeace.official #협찬.wpls_mall #WpLS #위플러스몰 #위플러스헤어밴드 #스쿼트 #너무무거워 #어려워 #셀링뉴_류신 #셀링뉴_마카 #셀링뉴_아르기닌 #셀링뉴 #협찬 #patrick #patrick_wear #페트릭 #페트릭웨어 #모자 #협찬 #오운완 #꾸준함이답이다 #협찬.ninez_official #협찬.hdex__official #에이치덱스 #hdex #hdx #오운완 #협찬 #에이치덱스 #hdex #hdx #광고.#스테디니스 #stdn #협찬.betterthanlife_official #케라에너지크림 ,ns,0.04463218426774518
#어덜트온리 #짐웨어 #짐웨어추천 #머슬핏 #협찬 #협찬 #서비푸드 #seobifood #paciencia #파시엔시아 #협찬 #짐랫 #짐웨어브랜드 #짐웨어브랜드추천 #협찬 #오리지널스포츠 #originalsports #midnightwalk #협찬 #NS #NS웨이프로틴 #프로틴보충제 #단백질보충제 #ns포대유청 #오운완 #레비아탄 #LEVIATAN#드롭세트핀 #드롭핀 #드랍세트핀 #협찬 #아르기닌 #아르게이지 #협찬 #유피라운지 #uplounge #uplg #짐웨어 #광고 #개근질마트 #GGJ #머슬그랑프리.MUSCLE #협찬 #협찬 #짐웨어 #머슬핏 #협찬 #식단 #다이어트식단 #식단도시락 #쭌스밀 #제품협찬광고.immunelab_official_ #협찬.himchan_doctors #협찬.ninez_official #협찬.lype.co.kr #LYPE #오운완 #트레이닝팬츠 #트레이닝바지 #짐웨어추천 #제품협찬 #협찬.hdex__official #협찬.peacepeace.official #협찬.wpls_mall #WpLS #위플러스몰 #위플러스헤어밴드 #스쿼트 #너무무거워 #어려워 #셀링뉴_류신 #셀링뉴_마카 #셀링뉴_아르기닌 #셀링뉴 #협찬 #patrick #patrick_wear #페트릭 #페트릭웨어 #모자 #협찬 #오운완 #꾸준함이답이다 #협찬.ninez_official #협찬.hdex__official #에이치덱스 #hdex #hdx #오운완 #협찬 #에이치덱스 #hdex #hdx #광고.#스테디니스 #stdn #협찬.betterthanlife_official #케라에너지크림 ,ns웨이프로틴,0.04463218426774518
#어덜트온리 #짐웨어 #짐웨어추천 #머슬핏 #협찬 #협찬 #서비푸드 #seobifood #paciencia #파시엔시아 #협찬 #짐랫 #짐웨어브랜드 #짐웨어브랜드추천 #협찬 #오리지널스포츠 #originalsports #midnightwalk #협찬 #NS #NS웨이프로틴 #프로틴보충제 #단백질보충제 #ns포대유청 #오운완 #레비아탄 #LEVIATAN#드롭세트핀 #드롭핀 #드랍세트핀 #협찬 #아르기닌 #아르게이지 #협찬 #유피라운지 #uplounge #uplg #짐웨어 #광고 #개근질마트 #GGJ #머슬그랑프리.MUSCLE #협찬 #협찬 #짐웨어 #머슬핏 #협찬 #식단 #다이어트식단 #식단도시락 #쭌스밀 #제품협찬광고.immunelab_official_ #협찬.himchan_doctors #협찬.ninez_official #협찬.lype.co.kr #LYPE #오운완 #트레이닝팬츠 #트레이닝바지 #짐웨어추천 #제품협찬 #협찬.hdex__official #협찬.peacepeace.official #협찬.wpls_mall #WpLS #위플러스몰 #위플러스헤어밴드 #스쿼트 #너무무거워 #어려워 #셀링뉴_류신 #셀링뉴_마카 #셀링뉴_아르기닌 #셀링뉴 #협찬 #patrick #patrick_wear #페트릭 #페트릭웨어 #모자 #협찬 #오운완 #꾸준함이답이다 #협찬.ninez_official #협찬.hdex__official #에이치덱스 #hdex #hdx #오운완 #협찬 #에이치덱스 #hdex #hdx #광고.#스테디니스 #stdn #협찬.betterthanlife_official #케라에너지크림 ,ns포대유청,0.04463218426774518
#어덜트온리 #짐웨어 #짐웨어추천 #머슬핏 #협찬 #협찬 #서비푸드 #seobifood #paciencia #파시엔시아 #협찬 #짐랫 #짐웨어브랜드 #짐웨어브랜드추천 #협찬 #오리지널스포츠 #originalsports #midnightwalk #협찬 #NS #NS웨이프로틴 #프로틴보충제 #단백질보충제 #ns포대유청 #오운완 #레비아탄 #LEVIATAN#드롭세트핀 #드롭핀 #드랍세트핀 #협찬 #아르기닌 #아르게이지 #협찬 #유피라운지 #uplounge #uplg #짐웨어 #광고 #개근질마트 #GGJ #머슬그랑프리.MUSCLE #협찬 #협찬 #짐웨어 #머슬핏 #협찬 #식단 #다이어트식단 #식단도시락 #쭌스밀 #제품협찬광고.immunelab_official_ #협찬.himchan_doctors #협찬.ninez_official #협찬.lype.co.kr #LYPE #오운완 #트레이닝팬츠 #트레이닝바지 #짐웨어추천 #제품협찬 #협찬.hdex__official #협찬.peacepeace.official #협찬.wpls_mall #WpLS #위플러스몰 #위플러스헤어밴드 #스쿼트 #너무무거워 #어려워 #셀링뉴_류신 #셀링뉴_마카 #셀링뉴_아르기닌 #셀링뉴 #협찬 #patrick #patrick_wear #페트릭 #페트릭웨어 #모자 #협찬 #오운완 #꾸준함이답이다 #협찬.ninez_official #협찬.hdex__official #에이치덱스 #hdex #hdx #오운완 #협찬 #에이치덱스 #hdex #hdx #광고.#스테디니스 #stdn #협찬.betterthanlife_official #케라에너지크림 ,official,0.04463218426774518
#어덜트온리 #짐웨어 #짐웨어추천 #머슬핏 #협찬 #협찬 #서비푸드 #seobifood #paciencia #파시엔시아 #협찬 #짐랫 #짐웨어브랜드 #짐웨어브랜드추천 #협찬 #오리지널스포츠 #originalsports #midnightwalk #협찬 #NS #NS웨이프로틴 #프로틴보충제 #단백질보충제 #ns포대유청 #오운완 #레비아탄 #LEVIATAN#드롭세트핀 #드롭핀 #드랍세트핀 #협찬 #아르기닌 #아르게이지 #협찬 #유피라운지 #uplounge #uplg #짐웨어 #광고 #개근질마트 #GGJ #머슬그랑프리.MUSCLE #협찬 #협찬 #짐웨어 #머슬핏 #협찬 #식단 #다이어트식단 #식단도시락 #쭌스밀 #제품협찬광고.immunelab_official_ #협찬.himchan_doctors #협찬.ninez_official #협찬.lype.co.kr #LYPE #오운완 #트레이닝팬츠 #트레이닝바지 #짐웨어추천 #제품협찬 #협찬.hdex__official #협찬.peacepeace.official #협찬.wpls_mall #WpLS #위플러스몰 #위플러스헤어밴드 #스쿼트 #너무무거워 #어려워 #셀링뉴_류신 #셀링뉴_마카 #셀링뉴_아르기닌 #셀링뉴 #협찬 #patrick #patrick_wear #페트릭 #페트릭웨어 #모자 #협찬 #오운완 #꾸준함이답이다 #협찬.ninez_official #협찬.hdex__official #에이치덱스 #hdex #hdx #오운완 #협찬 #에이치덱스 #hdex #hdx #광고.#스테디니스 #stdn #협찬.betterthanlife_official #케라에너지크림 ,originalsports,0.04463218426774518
#어덜트온리 #짐웨어 #짐웨어추천 #머슬핏 #협찬 #협찬 #서비푸드 #seobifood #paciencia #파시엔시아 #협찬 #짐랫 #짐웨어브랜드 #짐웨어브랜드추천 #협찬 #오리지널스포츠 #originalsports #midnightwalk #협찬 #NS #NS웨이프로틴 #프로틴보충제 #단백질보충제 #ns포대유청 #오운완 #레비아탄 #LEVIATAN#드롭세트핀 #드롭핀 #드랍세트핀 #협찬 #아르기닌 #아르게이지 #협찬 #유피라운지 #uplounge #uplg #짐웨어 #광고 #개근질마트 #GGJ #머슬그랑프리.MUSCLE #협찬 #협찬 #짐웨어 #머슬핏 #협찬 #식단 #다이어트식단 #식단도시락 #쭌스밀 #제품협찬광고.immunelab_official_ #협찬.himchan_doctors #협찬.ninez_official #협찬.lype.co.kr #LYPE #오운완 #트레이닝팬츠 #트레이닝바지 #짐웨어추천 #제품협찬 #협찬.hdex__official #협찬.peacepeace.official #협찬.wpls_mall #WpLS #위플러스몰 #위플러스헤어밴드 #스쿼트 #너무무거워 #어려워 #셀링뉴_류신 #셀링뉴_마카 #셀링뉴_아르기닌 #셀링뉴 #협찬 #patrick #patrick_wear #페트릭 #페트릭웨어 #모자 #협찬 #오운완 #꾸준함이답이다 #협찬.ninez_official #협찬.hdex__official #에이치덱스 #hdex #hdx #오운완 #협찬 #에이치덱스 #hdex #hdx #광고.#스테디니스 #stdn #협찬.betterthanlife_official #케라에너지크림 ,paciencia,0.04463218426774518
